event_id,event_url,event_brand,event_year,event_country,event_date,participants,foreign_participants,new,returning,churn
1569,/events/details/1569/,A Christmas Competition,2019,Australia,2019-12-01,19,0,19,0,NA
1474,/events/details/1474/,A Midsummer Fight's Dream,2019,United Kingdom,2019-06-15,29,1,29,0,NA
1730,/events/details/1730/,A Midsummer Fight's Dream,2022,United Kingdom,2022-08-06,29,0,29,0,1
1879,/events/details/1879/,A Midsummer Fight's Dream,2023,United Kingdom,2023-07-22,40,0,35,5,0.88
2174,/events/details/2174/,A Midsummer Fight's Dream,2024,United Kingdom,2024-09-01,41,1,32,9,0.78
2166,/events/details/2166/,Ace Of Blades,2024,Romania,2024-09-14,27,6,27,0,NA
2056,/events/details/2056/,Acola,2024,United States,2024-04-27,83,1,83,0,NA
2120,/events/details/2120/,Ad Hoc Af,2024,United States,2024-06-29,24,0,24,0,NA
1839,/events/details/1839/,Aegis Spring Tournament,2023,United States,2023-04-23,7,0,7,0,NA
1776,/events/details/1776/,Afo Tournament Of Defense,2022,United States,2022-11-05,25,1,25,0,NA
1954,/events/details/1954/,Afo Tournament Of Defense,2023,United States,2023-11-04,27,2,16,11,0.59
2108,/events/details/2108/,Ag 25th Anniversary Tournament,2024,United States,2024-04-20,22,0,22,0,NA
1708,/events/details/1708/,Ag Open,2022,United States,2022-04-23,99,8,99,0,NA
1845,/events/details/1845/,Ag Open,2023,United States,2023-05-05,124,7,84,40,0.68
2161,/events/details/2161/,Ag Open,2024,United States,2024-09-13,108,10,63,45,0.58
67,/events/details/67/,Aha Glasgow Broadsword Tournament,2016,United Kingdom,2016-09-11,20,1,20,0,NA
1843,/events/details/1843/,Ahma Cub,2023,Finland,2023-05-20,36,0,36,0,NA
2092,/events/details/2092/,Ahma Cub,2024,Finland,2024-05-25,52,1,33,19,0.63
1236,/events/details/1236/,Aima,2016,Italy,2016-03-04,95,23,95,0,NA
96,/events/details/96/,Aima Roma,2017,Italy,2017-03-03,104,20,104,0,NA
1265,/events/details/1265/,Aima Roma,2018,Italy,2018-03-09,68,18,30,38,0.44
1427,/events/details/1427/,Aima Roma,2019,Italy,2019-03-02,93,6,60,33,0.65
1816,/events/details/1816/,Alberio Kalavijas,2023,Lithuania,2023-04-22,34,0,34,0,NA
1304,/events/details/1304/,Albion Cup,2018,United Kingdom,2018-07-07,60,18,60,0,NA
1492,/events/details/1492/,Albion Cup,2019,United Kingdom,2019-07-27,77,28,48,29,0.62
1827,/events/details/1827/,Albion Cup,2023,United Kingdom,2023-06-03,72,4,59,13,0.82
2075,/events/details/2075/,Albion Cup,2024,United Kingdom,2024-06-01,130,13,82,48,0.63
1426,/events/details/1426/,Alfieri Open,2019,Australia,2019-02-17,20,1,20,0,NA
1307,/events/details/1307/,All's Faire Hema Tournament,2018,United States,2018-06-23,17,2,17,0,NA
1965,/events/details/1965/,Amcf/Hemaa Collaborative Tournament,2023,United States,2023-12-02,29,1,29,0,NA
1613,/events/details/1613/,Anvil,2014,Canada,2014-11-27,18,3,18,0,NA
1612,/events/details/1612/,Anvil,2017,Canada,2017-10-28,13,0,9,4,0.69
1614,/events/details/1614/,Anvil,2018,Canada,2018-05-26,24,1,16,8,0.67
1611,/events/details/1611/,Anvil,2019,Canada,2019-06-08,22,0,11,11,0.5
1916,/events/details/1916/,Anvil,2022,Canada,2022-06-25,26,0,16,10,0.62
1922,/events/details/1922/,Anvil,2023,Canada,2023-06-10,37,1,24,13,0.65
2111,/events/details/2111/,Anvil,2024,Canada,2024-06-22,17,0,9,8,0.53
1473,/events/details/1473/,April Fools,2019,Italy,2019-04-27,43,6,43,0,NA
1657,/events/details/1657/,April Fools,2021,Italy,2021-05-29,59,1,47,12,0.8
1701,/events/details/1701/,April Fools,2022,Italy,2022-04-09,85,2,52,33,0.61
1246,/events/details/1246/,Arizona Hema League 2018,2018,United States,2018-03-24,28,0,28,0,NA
1285,/events/details/1285/,Arizona Hema League 2018,2018,United States,2018-06-10,19,0,3,16,0.16
1374,/events/details/1374/,Arizona Hema League 2018,2018,United States,2018-10-27,16,0,5,11,0.31
93,/events/details/93/,Arnold Fencing Classic,2017,United States,2017-03-05,22,1,22,0,NA
1261,/events/details/1261/,Arnold Fencing Classic,2018,United States,2018-03-02,23,2,16,7,0.7
1595,/events/details/1595/,Arnold Fencing Classic,2020,United States,2020-03-06,68,11,57,11,0.84
1422,/events/details/1422/,Arnold Hema Classic,2019,United States,2019-03-03,42,5,42,0,NA
1961,/events/details/1961/,Arnold South America,2023,Brazil,2023-05-03,27,0,27,0,NA
2102,/events/details/2102/,Aros Open,2024,Denmark,2024-06-22,16,2,16,0,NA
1475,/events/details/1475/,Ars Gladii 20th Anniversary Invitational,2019,United States,2019-06-29,20,0,20,0,NA
1840,/events/details/1840/,Arsenal Assault Of Arms,2023,United States,2023-04-15,29,2,29,0,NA
1785,/events/details/1785/,As You Wish,2022,United States,2022-12-10,30,2,30,0,NA
1696,/events/details/1696/,Ascalon Sword Festival,2022,United States,2022-03-10,103,5,103,0,NA
1805,/events/details/1805/,Ascalon Sword Festival,2023,United States,2023-03-17,129,7,85,44,0.66
38,/events/details/38/,Ascent Saber Tournament,2015,Russia,2015-09-20,36,1,36,0,NA
103,/events/details/103/,Ascent Saber Tournament,2016,Russia,2016-10-01,51,1,35,16,0.69
1490,/events/details/1490/,Ascent Saber Tournament,2018,Russia,2018-10-24,45,4,31,14,0.69
1331,/events/details/1331/,Ascent Sabre Tournament,2017,Russia,2017-10-25,75,2,75,0,NA
1601,/events/details/1601/,Ascent Sabre Tournament,2019,Russia,2019-11-23,79,8,50,29,0.63
2016,/events/details/2016/,Assoluti,2023,Italy,2023-05-20,89,2,89,0,NA
40,/events/details/40/,Astolat Hema Open,2016,United Kingdom,2016-07-16,16,4,16,0,NA
148,/events/details/148/,Astolat Hema Open,2017,United Kingdom,2017-07-22,59,13,47,12,0.8
1280,/events/details/1280/,Athens Hema Open,2018,Greece,2018-05-13,15,1,15,0,NA
2160,/events/details/2160/,Atlantic Renaissance Fencing League Saber Open,2024,United States,2024-09-15,21,1,21,0,NA
2131,/events/details/2131/,Atlantic Renaissance Fencing League Sword And Buckler Open,2024,United States,2024-08-10,20,0,20,0,NA
2132,/events/details/2132/,Auf Der Hut,2024,United States,2024-08-10,23,0,23,0,NA
1226,/events/details/1226/,Australia Day Tournament,2018,Australia,2018-01-26,29,1,29,0,NA
1648,/events/details/1648/,Austrian Rapier Championships,2021,Austria,2021-09-19,15,4,15,0,NA
1461,/events/details/1461/,Autumn Open,2019,Australia,2019-05-26,13,1,13,0,NA
1394,/events/details/1394/,Autumn Ural Cup,2018,Russia,2018-10-13,58,0,58,0,NA
1549,/events/details/1549/,Autumn Ural Cup,2019,Russia,2019-10-12,51,1,29,22,0.57
1245,/events/details/1245/,Axel Pettersson Challenge Tournament,2018,Australia,2018-03-10,35,1,35,0,NA
1567,/events/details/1567/,Baja Regional,2019,Mexico,2019-12-01,15,1,15,0,NA
1974,/events/details/1974/,Baja Regional,2023,Mexico,2023-12-09,19,2,18,1,0.95
2097,/events/details/2097/,Baltic Sabre Swordsmanship,2024,Germany,2024-05-05,19,2,19,0,NA
2115,/events/details/2115/,Barcino Pugnare,2024,Spain,2024-05-25,20,6,20,0,NA
1751,/events/details/1751/,Basilisk Challenge Basel,2022,Switzerland,2022-04-30,27,11,27,0,NA
1417,/events/details/1417/,Baton Rouge Open,2018,United States,2018-06-09,54,1,54,0,NA
1634,/events/details/1634/,Baton Rouge Open,2019,United States,2019-05-25,87,3,61,26,0.7
1685,/events/details/1685/,Battle Born ,2021,United States,2021-06-26,16,0,16,0,NA
1736,/events/details/1736/,Battle Born ,2022,United States,2022-05-27,37,1,28,9,0.76
1831,/events/details/1831/,Battle Born ,2023,United States,2023-05-27,47,1,25,22,0.53
2146,/events/details/2146/,Battle Born ,2024,United States,2024-05-18,72,1,47,25,0.65
1890,/events/details/1890/,Battle In The Valley,2023,United States,2023-03-11,22,4,22,0,NA
1649,/events/details/1649/,Battle Of Buffalo,2021,United States,2021-09-11,17,0,17,0,NA
1732,/events/details/1732/,Battle Of Buffalo,2022,United States,2022-09-10,22,1,16,6,0.73
159,/events/details/159/,Battle Of The Bridge,2017,Sweden,2017-09-08,62,15,62,0,NA
1323,/events/details/1323/,Battle Of The Bridge,2018,Sweden,2018-09-07,87,27,59,28,0.68
1518,/events/details/1518/,Battle Of The Bridge,2019,Sweden,2019-09-13,87,25,45,42,0.52
2078,/events/details/2078/,Battle Of The Bridge,2023,Sweden,2023-09-29,96,38,64,32,0.67
1528,/events/details/1528/,Battle Royale,2019,United States,2019-08-11,21,1,21,0,NA
1430,/events/details/1430/,Battles In The North,2019,Greece,2019-03-10,13,0,13,0,NA
2053,/events/details/2053/,Battles In The North,2024,Greece,2024-04-06,20,14,19,1,0.95
1724,/events/details/1724/,Bayou Fecht,2022,United States,2022-05-28,61,3,61,0,NA
1645,/events/details/1645/,Bear's Challenge,2021,Ireland,2021-08-07,21,2,21,0,NA
155,/events/details/155/,Belfast Bladeworks,2017,United Kingdom,2017-08-19,16,13,16,0,NA
111,/events/details/111/,Belfast Bladeworks Open Longsword,2016,United Kingdom,2016-12-03,14,9,14,0,NA
1646,/events/details/1646/,Bellum Vitudurum,2021,Switzerland,2021-08-28,31,7,31,0,NA
1897,/events/details/1897/,Bellum Vitudurum,2023,Switzerland,2023-08-26,25,9,16,9,0.64
2173,/events/details/2173/,Bellum Vitudurum,2024,Switzerland,2024-08-24,30,9,18,12,0.6
1731,/events/details/1731/,Bellum Vitudurum Longsword,2022,Switzerland,2022-08-27,26,8,26,0,NA
2008,/events/details/2008/,Bend The Knee,2024,United States,2024-03-02,22,1,22,0,NA
15,/events/details/15/,Bergen Open,2013,Norway,2013-08-16,33,13,33,0,NA
8,/events/details/8/,Bergen Open,2014,Norway,2014-08-08,35,22,23,12,0.66
1936,/events/details/1936/,Berlin Duelling Day,2023,Germany,2023-11-11,20,1,20,0,NA
2033,/events/details/2033/,Berlin Spring Saber,2024,Germany,2024-04-13,32,8,32,0,NA
1413,/events/details/1413/,Beta ,2018,United States,2018-12-15,25,0,25,0,NA
1600,/events/details/1600/,Beware The Ides Of March Melee Madness,2020,Afghanistan,2020-03-15,6,1,6,0,NA
143,/events/details/143/,Bfhs Autumn Exchange,2016,United Kingdom,2016-11-20,4,0,4,0,NA
137,/events/details/137/,Bfhs Spring Exchange,2016,United Kingdom,2016-03-27,8,0,8,0,NA
1967,/events/details/1967/,Bhl December,2023,United States,2023-12-03,16,0,16,0,NA
2001,/events/details/2001/,Bhl February,2024,United States,2024-02-04,23,1,23,0,NA
1988,/events/details/1988/,Bhl January,2024,United States,2024-01-28,10,0,10,0,NA
2093,/events/details/2093/,Bhl March,2024,United States,2024-03-24,29,1,29,0,NA
2128,/events/details/2128/,Bhl May,2024,United States,2024-07-21,13,0,13,0,NA
1953,/events/details/1953/,Bhl November,2023,United States,2023-11-19,15,0,15,0,NA
1909,/events/details/1909/,Bhl October,2023,United States,2023-10-15,11,0,11,0,NA
1322,/events/details/1322/,Bicornio Hema Gathering,2018,Hungary,2018-08-10,21,1,21,0,NA
71,/events/details/71/,Big Moscow Tournament,2016,Russia,2016-04-23,69,5,69,0,NA
1255,/events/details/1255/,Big Moscow Tournament,2017,Russia,2017-04-21,121,8,83,38,0.69
1393,/events/details/1393/,Big Moscow Tournament,2018,Russia,2018-04-29,97,1,51,46,0.53
1454,/events/details/1454/,Big Moscow Tournament,2019,Russia,2019-04-27,84,4,38,46,0.45
1293,/events/details/1293/,Bihartordai Kardvivo Torna,2014,Hungary,2014-11-15,18,0,18,0,NA
1548,/events/details/1548/,Black Sea Cup,2019,Russia,2019-10-27,36,1,36,0,NA
1643,/events/details/1643/,Black Steel,2021,Ukraine,2021-12-04,38,38,38,0,NA
106,/events/details/106/,Blade Master,2017,Russia,2017-02-24,64,3,64,0,NA
1256,/events/details/1256/,Blade Master,2018,Russia,2018-02-01,63,3,40,23,0.63
1450,/events/details/1450/,Blade Master,2019,Russia,2019-02-01,76,0,45,31,0.59
1606,/events/details/1606/,Blade Master,2020,Russia,2020-01-31,63,1,31,32,0.49
112,/events/details/112/,Blademasters Cup,2017,Ireland,2017-04-29,18,2,18,0,NA
1271,/events/details/1271/,Blademasters Cup,2018,Ireland,2018-04-28,18,2,12,6,0.67
1429,/events/details/1429/,Blademasters Cup,2019,Ireland,2019-03-30,21,4,14,7,0.67
1894,/events/details/1894/,Blademasters Cup,2023,Ireland,2023-09-09,6,0,5,1,0.83
2147,/events/details/2147/,Blademasters Cup,2024,Ireland,2024-09-01,18,0,15,3,0.83
1733,/events/details/1733/,Blademasters Open,2022,Ireland,2022-09-02,51,29,51,0,NA
1895,/events/details/1895/,Blades Of Glory King's Cup,2023,Canada,2023-09-16,34,1,34,0,NA
1610,/events/details/1610/,Blizzard Brawl,2020,Canada,2020-01-25,28,0,28,0,NA
1722,/events/details/1722/,Blood On The River,2022,United States,2022-09-03,39,1,39,0,NA
1905,/events/details/1905/,Bloody Belgian Waffles .,2022,Belgium,2022-12-10,34,1,34,0,NA
1407,/events/details/1407/,Blue Box Longsword Open,2016,United States,2016-11-19,9,0,9,0,NA
1406,/events/details/1406/,Blue Box Longsword Open,2017,United States,2017-11-18,6,1,3,3,0.5
1381,/events/details/1381/,Blue Box Longsword Open,2018,United States,2018-11-22,23,1,21,2,0.91
1561,/events/details/1561/,Blue Box Open,2019,United States,2019-11-16,35,2,35,0,NA
1671,/events/details/1671/,Blue Box Open,2021,United States,2021-11-20,37,1,27,10,0.73
1778,/events/details/1778/,Blue Box Open,2022,United States,2022-11-20,50,1,34,16,0.68
1944,/events/details/1944/,Blue Box Open,2023,United States,2023-11-18,40,0,26,14,0.65
2029,/events/details/2029/,Blueshards Cup,2024,Italy,2024-03-23,73,5,73,0,NA
1303,/events/details/1303/,Boar's Tooth,2018,United States,2018-06-16,31,1,31,0,NA
2137,/events/details/2137/,Boar's Tooth,2024,United States,2024-08-09,82,4,78,4,0.95
2156,/events/details/2156/,Bohema: First Harvest,2024,Czech Republic,2024-09-07,56,34,56,0,NA
2119,/events/details/2119/,Booredanz,2024,Germany,2024-07-06,19,1,19,0,NA
1738,/events/details/1738/,Bothnia Open,2022,Finland,2022-08-13,34,6,34,0,NA
1867,/events/details/1867/,Bothnia Open,2023,Finland,2023-08-12,31,2,15,16,0.48
2133,/events/details/2133/,Bothnia Open,2024,Finland,2024-08-10,26,4,10,16,0.38
1260,/events/details/1260/,Brasileiro De Artes Marciais Historicas Europeias,2018,Brazil,2018-04-08,12,0,12,0,NA
1814,/events/details/1814/,Bratislava En Garde!,2023,Slovakia,2023-05-27,19,8,19,0,NA
2032,/events/details/2032/,Bratislava En Garde!,2024,Slovakia,2024-04-20,33,18,22,11,0.67
1850,/events/details/1850/,Bratislava Fecht,2023,Slovakia,2023-07-22,77,44,77,0,NA
2059,/events/details/2059/,Bratislava Fecht ,2024,Slovakia,2024-05-18,79,52,79,0,NA
1263,/events/details/1263/,Bratislavsky Fecht,2018,Slovakia,2018-04-14,92,34,92,0,NA
2027,/events/details/2027/,Brisbane Longsword League 1: Autumn Assault,2024,Australia,2024-04-06,15,0,15,0,NA
2086,/events/details/2086/,Brisbane Longsword League 2: Winter War,2024,Australia,2024-06-09,10,0,10,0,NA
1187,/events/details/1187/,Broadwater Bucklerthon,2017,United Kingdom,2017-11-18,27,3,27,0,NA
1477,/events/details/1477/,Broadwater Bucklerthon,2019,United Kingdom,2019-06-29,31,0,27,4,0.87
22,/events/details/22/,Broken Point,2016,United States,2016-02-06,40,1,40,0,NA
104,/events/details/104/,Broken Point,2017,United States,2017-04-17,46,0,28,18,0.61
1268,/events/details/1268/,Broken Point,2018,United States,2018-04-21,52,3,32,20,0.62
1552,/events/details/1552/,Broken Point,2019,United States,2019-08-28,38,2,27,11,0.71
1813,/events/details/1813/,Brunner Stich,2023,Czech Republic,2023-05-13,60,29,60,0,NA
2036,/events/details/2036/,Brunner Stich,2024,Czech Republic,2024-04-20,60,34,39,21,0.65
1906,/events/details/1906/,Budapest Blade Brawl,2023,Hungary,2023-10-07,37,7,37,0,NA
1363,/events/details/1363/,Budapest Mhs Kardvivo Torna,2018,Hungary,2018-11-17,25,1,25,0,NA
1446,/events/details/1446/,Budapest Mhs Kardvivo Torna,2019,Hungary,2019-04-13,40,7,20,20,0.5
1290,/events/details/1290/,Budapest Mhs Nylon Es Feder Kardvivo Torna,2015,Hungary,2015-03-07,21,0,21,0,NA
1242,/events/details/1242/,Budapest Mhs Nylon Es Feder Kardvivo Torna,2017,Hungary,2017-08-12,11,1,4,7,0.36
1289,/events/details/1289/,Budapest Mhs Nylon Es Feder Kardvivo Torna,2017,Hungary,2017-03-11,23,1,15,8,0.65
1291,/events/details/1291/,Budapesti Kardvivo Torna,2014,Hungary,2014-05-24,13,0,13,0,NA
1292,/events/details/1292/,Budapesti Kardvivo Torna,2014,Hungary,2014-02-22,20,0,16,4,0.8
1243,/events/details/1243/,Budapesti Mhs Parnazott Kard Es Feder Torna,2018,Hungary,2018-03-11,21,0,21,0,NA
1556,/events/details/1556/,Budapesti Mhs Torna,2019,Hungary,2019-11-16,54,25,54,0,NA
1437,/events/details/1437/,By The Sword,2019,United Kingdom,2019-03-30,45,13,45,0,NA
1748,/events/details/1748/,By The Sword,2022,United Kingdom,2022-04-10,26,2,20,6,0.77
1818,/events/details/1818/,Cakefecht,2022,United States,2022-12-03,24,0,24,0,NA
1252,/events/details/1252/,Camo ,2017,Chile,2017-02-12,11,1,11,0,NA
1253,/events/details/1253/,Camo ,2018,Chile,2018-02-10,18,0,12,6,0.67
1562,/events/details/1562/,Capitol Clash Hema Open Warmup ,2019,United States,2019-11-23,13,1,13,0,NA
1578,/events/details/1578/,Capitol Clash Hema Open Warmup ,2020,United States,2020-01-04,11,0,7,4,0.64
1579,/events/details/1579/,Capitol Clash Hema Open Warmup ,2020,United States,2020-01-11,11,0,8,3,0.73
1580,/events/details/1580/,Capitol Clash Hema Open Warmup ,2020,United States,2020-01-12,12,0,7,5,0.58
119,/events/details/119/,Capitol Clash: Washington Dc Hema Open,2017,United States,2017-01-14,80,5,80,0,NA
1412,/events/details/1412/,Capitol Clash: Washington Dc Hema Open,2019,United States,2019-02-01,88,9,69,19,0.78
1625,/events/details/1625/,Capoferro Comp,2021,Australia,2021-02-21,24,0,24,0,NA
1272,/events/details/1272/,Capoferro Open,2018,Australia,2018-05-06,12,0,12,0,NA
1991,/events/details/1991/,Capofiore,2024,Australia,2024-01-27,56,1,56,0,NA
1793,/events/details/1793/,Capofiore Comp,2023,Australia,2023-01-27,38,1,38,0,NA
1937,/events/details/1937/,Central Asia Hema Cup,2023,Kazakhstan,2023-11-11,38,20,38,0,NA
1887,/events/details/1887/,Chlausturnier Saber,2022,Switzerland,2022-12-10,11,1,11,0,NA
2170,/events/details/2170/,Chlausturnier Saber,2023,Switzerland,2023-12-20,14,0,8,6,0.57
1570,/events/details/1570/,Ciudad De Los Reyes,2019,Peru,2019-12-29,11,1,11,0,NA
1874,/events/details/1874/,Ciudad De Los Reyes,2023,Peru,2023-08-05,15,1,14,1,0.93
2018,/events/details/2018/,Clash For The Cash,2024,United States,2024-03-02,53,3,53,0,NA
1325,/events/details/1325/,Clash Of Claymores,2018,United States,2018-09-01,22,1,22,0,NA
1438,/events/details/1438/,Clash Of Claymores,2019,United States,2019-04-26,83,2,69,14,0.83
2041,/events/details/2041/,Clash Of Damned,2024,Czech Republic,2024-05-05,40,1,40,0,NA
1228,/events/details/1228/,Clash Of Steel,2018,Taiwan,2018-01-07,32,7,32,0,NA
1510,/events/details/1510/,Clash Of Steel,2019,Taiwan,2019-09-28,37,12,22,15,0.59
1660,/events/details/1660/,Clash Of Steel,2021,Taiwan,2021-10-02,13,0,5,8,0.38
1868,/events/details/1868/,Clash Of Steel,2022,Taiwan,2022-10-09,21,0,13,8,0.62
1885,/events/details/1885/,Clash Of Steel,2023,Taiwan,2023-06-25,34,11,20,14,0.59
2145,/events/details/2145/,Clash Of Steel,2024,Taiwan,2024-06-29,46,23,24,22,0.52
1321,/events/details/1321/,Clash Of The Towers,2018,Ireland,2018-07-14,18,3,18,0,NA
1462,/events/details/1462/,Clash Of The Towers,2019,Ireland,2019-05-04,16,5,11,5,0.69
1587,/events/details/1587/,Cold Cuts,2020,Sweden,2020-02-15,16,0,16,0,NA
152,/events/details/152/,Combat Con,2017,United States,2017-08-10,103,25,103,0,NA
1324,/events/details/1324/,Combat Con,2018,United States,2018-08-02,133,26,81,52,0.61
1529,/events/details/1529/,Combat Con,2019,United States,2019-08-01,93,16,53,40,0.57
1635,/events/details/1635/,Combat Con,2021,United States,2021-07-22,112,1,90,22,0.8
1742,/events/details/1742/,Combat Con,2022,United States,2022-07-21,158,8,105,53,0.66
1864,/events/details/1864/,Combat Con,2023,United States,2023-07-20,151,12,101,50,0.67
2169,/events/details/2169/,Combat Con,2024,United States,2024-07-25,148,6,78,70,0.53
27,/events/details/27/,Combatcon,2015,United States,2015-06-25,68,15,68,0,NA
45,/events/details/45/,Combatcon,2016,United States,2016-07-07,91,22,61,30,0.67
1195,/events/details/1195/,Commandments,2017,Ireland,2017-10-14,13,0,13,0,NA
1495,/events/details/1495/,Continental Hema Open,2019,United States,2019-07-12,70,1,70,0,NA
1962,/events/details/1962/,Coornhert Sidesword Gathering,2023,Netherlands,2023-11-25,25,12,25,0,NA
1822,/events/details/1822/,Copa Ignis,2022,Brazil,2022-11-27,7,0,7,0,NA
2021,/events/details/2021/,Copa Ignis,2024,Brazil,2024-03-09,19,0,16,3,0.84
6,/events/details/6/,Copenhagen Open,2015,Denmark,2015-04-18,75,56,75,0,NA
33,/events/details/33/,Copenhagen Open,2016,Denmark,2016-05-21,44,32,18,26,0.41
2068,/events/details/2068/,Copenhagen Open,2024,Denmark,2024-04-14,18,1,15,3,0.83
154,/events/details/154/,Copenhagen Open Longsword,2014,Denmark,2014-05-31,27,19,27,0,NA
1711,/events/details/1711/,Cork,2022,Ireland,2022-05-07,14,0,14,0,NA
1836,/events/details/1836/,Cork,2023,Ireland,2023-05-06,16,1,9,7,0.56
2035,/events/details/2035/,Cork,2024,Ireland,2024-04-20,15,0,9,6,0.6
1315,/events/details/1315/,Cornhusker State Games,2018,United States,2018-07-28,36,0,36,0,NA
1493,/events/details/1493/,Cornhusker State Games,2019,United States,2019-07-27,21,0,9,12,0.43
1598,/events/details/1598/,Cornhusker State Games,2020,United States,2020-07-11,18,0,11,7,0.61
1655,/events/details/1655/,Cornhusker State Games,2021,United States,2021-07-10,32,0,20,12,0.62
1728,/events/details/1728/,Cornhusker State Games,2022,United States,2022-07-08,38,1,22,16,0.58
1749,/events/details/1749/,Crossroads,2022,United States,2022-09-17,93,3,93,0,NA
1658,/events/details/1658/,Crossroads: Longsword,2021,United States,2021-06-19,56,1,56,0,NA
1673,/events/details/1673/,Crossroads: Saber,2021,United States,2021-10-23,36,1,36,0,NA
1672,/events/details/1672/,Crossroads: Womens Longsword,2022,United States,2022-02-19,6,1,6,0,NA
1234,/events/details/1234/,Csen,2015,Italy,2015-11-29,30,0,30,0,NA
1768,/events/details/1768/,Cup,2022,Germany,2022-07-09,42,11,42,0,NA
1938,/events/details/1938/,Cup,2023,Germany,2023-07-08,18,8,13,5,0.72
2113,/events/details/2113/,Cup,2024,Germany,2024-06-22,60,35,51,9,0.85
107,/events/details/107/,Cup Of Enisey,2017,Russia,2017-03-11,17,0,17,0,NA
2057,/events/details/2057/,Cut N' Thrust Campaign,2024,Australia,2024-05-11,20,0,20,0,NA
1753,/events/details/1753/,Danish National Championship,2019,Denmark,2019-10-05,16,0,16,0,NA
1752,/events/details/1752/,Danish National Championship,2020,Denmark,2020-10-03,15,0,4,11,0.27
1759,/events/details/1759/,Danish National Championship,2021,Denmark,2021-10-23,23,0,16,7,0.7
1758,/events/details/1758/,Danish National Championship,2022,Denmark,2022-10-01,23,0,10,13,0.43
1921,/events/details/1921/,Danmarksmesterskaber Hema,2023,Denmark,2023-10-07,28,0,28,0,NA
23,/events/details/23/,Dc Hema Open,2016,United States,2016-01-15,77,5,77,0,NA
1227,/events/details/1227/,Dc Hema Open,2018,United States,2018-01-12,74,3,57,17,0.77
1506,/events/details/1506/,Debreceni Mhs Torna,2019,Hungary,2019-08-17,16,2,16,0,NA
92,/events/details/92/,Demas Long Sword Tournament,2017,United States,2017-01-28,18,0,18,0,NA
1360,/events/details/1360/,Digladior Hema Tournaj,2018,Czech Republic,2018-11-10,33,6,33,0,NA
1819,/events/details/1819/,Dmca Friendly Open Longsword Tournament,2023,United Kingdom,2023-03-11,10,0,10,0,NA
1631,/events/details/1631/,Donnybrook,2021,United States,2021-06-26,54,0,54,0,NA
1717,/events/details/1717/,Donnybrook,2022,United States,2022-06-11,77,0,48,29,0.62
1928,/events/details/1928/,Donnybrook,2023,United States,2023-08-18,84,1,51,33,0.61
2140,/events/details/2140/,Donnybrook,2024,United States,2024-08-16,112,5,76,36,0.68
1968,/events/details/1968/,Drabant Cup,2023,Sweden,2023-12-02,25,3,25,0,NA
1743,/events/details/1743/,Dragoon Sabre,2022,Czech Republic,2022-09-17,17,6,17,0,NA
1908,/events/details/1908/,Dragoon Sabre,2023,Czech Republic,2023-09-16,26,15,16,10,0.62
2167,/events/details/2167/,Dragoon Sabre,2024,Czech Republic,2024-09-21,33,11,19,14,0.58
1341,/events/details/1341/,Dresdner Fechtschul,2018,Germany,2018-09-29,27,1,27,0,NA
1511,/events/details/1511/,Dresdner Fechtschul,2019,Germany,2019-09-28,24,0,16,8,0.67
1809,/events/details/1809/,Dresdner Fechtschul,2022,Germany,2022-11-12,53,6,46,7,0.87
2065,/events/details/2065/,Dresdner Fechtschul,2023,Germany,2023-11-25,48,1,29,19,0.6
2126,/events/details/2126/,Dresdner Sabelschlag,2024,Germany,2024-06-15,16,4,16,0,NA
1747,/events/details/1747/,Dublin,2022,Ireland,2022-06-18,16,0,16,0,NA
1837,/events/details/1837/,Dublin,2023,Ireland,2023-06-10,15,2,9,6,0.6
1870,/events/details/1870/,Duel Against The Darkness,2023,United States,2023-06-17,19,1,19,0,NA
1766,/events/details/1766/,Duel For The Jewel,2022,United States,2022-10-08,27,0,27,0,NA
1923,/events/details/1923/,Duel For The Jewel,2023,United States,2023-10-21,39,0,24,15,0.62
1624,/events/details/1624/,Duel Season: Winter,2021,Ukraine,2021-01-30,58,54,58,0,NA
1669,/events/details/1669/,Duel Season: Winter,2022,Ukraine,2022-01-29,65,63,29,36,0.45
108,/events/details/108/,Duelling Classic,2017,Russia,2017-03-24,79,0,79,0,NA
1183,/events/details/1183/,Duels At High Noon,2017,United States,2017-11-11,25,0,25,0,NA
1337,/events/details/1337/,Duels At High Noon,2018,United States,2018-09-22,43,0,27,16,0.63
1512,/events/details/1512/,Duels At High Noon,2019,United States,2019-09-22,52,2,28,24,0.54
1428,/events/details/1428/,Durer Turnier,2019,Germany,2019-03-02,46,5,46,0,NA
1623,/events/details/1623/,Durerturnier,2020,Germany,2020-03-07,51,4,51,0,NA
65,/events/details/65/,Dutch Lions Cub,2016,Netherlands,2016-06-25,24,0,24,0,NA
66,/events/details/66/,Dutch Lions Cub,2016,Netherlands,2016-08-14,26,8,18,8,0.69
157,/events/details/157/,Dutch Lions Cub ,2017,Netherlands,2017-07-29,31,5,31,0,NA
1318,/events/details/1318/,Dutch Lions Cub ,2018,Netherlands,2018-06-03,20,7,15,5,0.75
1319,/events/details/1319/,Dutch Lions Cub ,2018,Netherlands,2018-07-28,28,7,17,11,0.61
52,/events/details/52/,Dutch Lions Cup,2016,Netherlands,2016-08-27,77,34,77,0,NA
158,/events/details/158/,Dutch Lions Cup,2017,Netherlands,2017-08-25,110,57,59,51,0.54
1320,/events/details/1320/,Dutch Lions Cup,2018,Netherlands,2018-08-25,92,53,52,40,0.57
1524,/events/details/1524/,Dutch Lions Cup,2019,Netherlands,2019-08-24,81,49,40,41,0.49
41,/events/details/41/,Edgebana,2016,United Kingdom,2016-07-30,24,0,24,0,NA
168,/events/details/168/,Edgebana,2017,United Kingdom,2017-10-07,30,5,18,12,0.6
1335,/events/details/1335/,Edgebana,2018,United Kingdom,2018-09-22,25,3,13,12,0.52
2159,/events/details/2159/,Edgebana,2024,United Kingdom,2024-09-14,61,1,52,9,0.85
1946,/events/details/1946/,Ehms Open,2023,Finland,2023-11-18,34,2,34,0,NA
1395,/events/details/1395/,Ehms Open Doors Tournament,2018,Finland,2018-12-15,23,0,23,0,NA
34,/events/details/34/,Ehms Salikisa,2016,Finland,2016-05-07,18,0,18,0,NA
130,/events/details/130/,Ehms Salikisa,2017,Finland,2017-05-27,13,0,9,4,0.69
1501,/events/details/1501/,Eleonora,2019,Russia,2019-07-06,43,1,43,0,NA
85,/events/details/85/,Encuentro,2017,Mexico,2017-02-04,33,8,33,0,NA
1251,/events/details/1251/,Encuentro De Artes Marciales Europeas,2018,Mexico,2018-02-03,37,5,37,0,NA
1239,/events/details/1239/,English Sidesword Open,2018,United Kingdom,2018-02-24,48,15,48,0,NA
1408,/events/details/1408/,English Sidesword Open,2019,United Kingdom,2019-02-16,50,20,23,27,0.46
2069,/events/details/2069/,Esbjerg Open,2024,Denmark,2024-01-28,11,0,11,0,NA
1666,/events/details/1666/,Espada De Maestro,2021,Ukraine,2021-11-14,20,19,20,0,NA
1480,/events/details/1480/,European Games Invitational Gala Tournament,2019,Belarus,2019-06-22,142,137,142,0,NA
1451,/events/details/1451/,Everything Else Event,2019,United States,2019-02-16,27,1,27,0,NA
1410,/events/details/1410/,Exeter Longsword Competition,2019,United Kingdom,2019-02-16,26,3,26,0,NA
2118,/events/details/2118/,Fachedanz,2024,Germany,2024-05-04,10,0,10,0,NA
150,/events/details/150/,Fairfax Mini Renaissance Faire,2017,United States,2017-07-29,12,2,12,0,NA
1504,/events/details/1504/,Fairfax Mini Renaissance Faire,2019,United States,2019-07-27,13,3,11,2,0.85
1947,/events/details/1947/,Fall Tournament,2022,Canada,2022-10-14,15,1,15,0,NA
1941,/events/details/1941/,Fall Tournament,2023,Canada,2023-09-29,23,1,16,7,0.7
1993,/events/details/1993/,Feakle,2024,Ireland,2024-02-03,21,0,21,0,NA
2007,/events/details/2007/,Fecht,2023,United States,2023-12-01,45,1,45,0,NA
88,/events/details/88/,Fecht Ba,2015,Slovakia,2015-04-18,33,17,33,0,NA
51,/events/details/51/,Fecht Ba,2016,Slovakia,2016-04-16,51,22,34,17,0.67
99,/events/details/99/,Fecht Ba,2017,Slovakia,2017-04-08,80,33,48,32,0.6
86,/events/details/86/,Fecht Tn,2017,Slovakia,2017-02-25,21,1,21,0,NA
61,/events/details/61/,Fecht Yeah,2016,United States,2016-05-14,12,0,12,0,NA
1209,/events/details/1209/,Fecht Yeah,2017,United States,2017-06-17,18,0,10,8,0.56
1343,/events/details/1343/,Fecht Yeah,2018,United States,2018-06-20,29,1,23,6,0.79
1488,/events/details/1488/,Fecht Yeah,2019,United States,2019-06-16,23,2,12,11,0.52
1254,/events/details/1254/,Fechtschile,2017,Chile,2017-10-15,32,1,32,0,NA
2123,/events/details/2123/,Fechtschile ,2024,Chile,2024-07-06,29,0,29,0,NA
72,/events/details/72/,Fechtschule New York,2014,United States,2014-05-30,16,1,16,0,NA
76,/events/details/76/,Fechtschule New York,2016,United States,2016-06-03,74,4,63,11,0.85
127,/events/details/127/,Fechtschule New York,2017,United States,2017-06-02,76,2,39,37,0.51
1400,/events/details/1400/,Fechtterra,2018,Russia,2018-12-08,90,11,90,0,NA
1971,/events/details/1971/,Feder League : Basilisk Cup,2023,Poland,2023-12-09,19,3,19,0,NA
1299,/events/details/1299/,Feder League : Black Horns Cup,2018,Poland,2018-06-23,44,1,44,0,NA
1476,/events/details/1476/,Feder League : Black Horns Cup,2019,Poland,2019-06-15,57,10,39,18,0.68
1630,/events/details/1630/,Feder League : Black Horns Cup,2021,Poland,2021-06-26,66,0,38,28,0.58
1726,/events/details/1726/,Feder League : Black Horns Cup,2022,Poland,2022-06-04,60,6,35,25,0.58
1854,/events/details/1854/,Feder League : Black Horns Cup,2023,Poland,2023-06-23,99,28,62,37,0.63
1186,/events/details/1186/,Feder League : Durchschlag,2017,Poland,2017-02-25,23,0,23,0,NA
1240,/events/details/1240/,Feder League : Durchschlag,2018,Poland,2018-03-03,29,3,18,11,0.62
1420,/events/details/1420/,Feder League : Durchschlag,2019,Poland,2019-03-02,62,10,48,14,0.77
1618,/events/details/1618/,Feder League : Durchschlag,2020,Poland,2020-03-07,72,11,43,29,0.6
1205,/events/details/1205/,Feder League : Falcons Cup,2016,Poland,2016-12-08,47,0,47,0,NA
1199,/events/details/1199/,Feder League : Falcons Cup,2017,Poland,2017-12-08,41,1,20,21,0.49
1361,/events/details/1361/,Feder League : Falcons Cup,2018,Poland,2018-10-21,29,1,15,14,0.52
1697,/events/details/1697/,Feder League : Fechtberg,2022,Poland,2022-03-19,41,8,41,0,NA
1998,/events/details/1998/,Feder League : Fechtberg,2024,Poland,2024-02-17,112,21,101,11,0.9
1829,/events/details/1829/,Feder League : Fechtberg Poker Cup,2023,Poland,2023-02-26,105,30,105,0,NA
1777,/events/details/1777/,Feder League : Frauschlag: Hema Feder Women Tournament,2022,Poland,2022-11-19,23,8,23,0,NA
1788,/events/details/1788/,Feder League : Koliada,2022,Poland,2022-12-10,58,3,58,0,NA
1193,/events/details/1193/,Feder League : Ligowy Turniej Szabli Rapiera,2017,Poland,2017-11-18,29,4,29,0,NA
1571,/events/details/1571/,Feder League : Mistrzostwa Polski,2019,Poland,2019-12-06,83,0,83,0,NA
1388,/events/details/1388/,Feder League : Polish Championships,2018,Poland,2018-12-08,67,0,67,0,NA
1683,/events/details/1683/,Feder League : Valkyrie Cup,2022,Poland,2022-02-26,31,0,31,0,NA
1771,/events/details/1771/,Feder League : Valkyrie Cup,2022,Poland,2022-10-22,56,6,36,20,0.64
1975,/events/details/1975/,Feder League : Valkyrie Cup,2023,Poland,2023-11-17,111,23,79,32,0.71
1647,/events/details/1647/,Feder League : Vinterschlag,2021,Poland,2021-12-11,54,7,54,0,NA
1207,/events/details/1207/,Feder League : W,2016,Poland,2016-10-02,40,3,40,0,NA
1206,/events/details/1206/,Feder League : W,2017,Poland,2017-10-01,39,0,20,19,0.51
1348,/events/details/1348/,Feder League : W,2018,Poland,2018-09-29,53,6,34,19,0.64
1525,/events/details/1525/,Feder League : W,2019,Poland,2019-09-29,48,11,28,20,0.58
1690,/events/details/1690/,Feder League : Wild Boar Tusk,2021,Poland,2021-10-23,62,4,62,0,NA
2096,/events/details/2096/,Feder League: Black Horns Cup,2024,Poland,2024-06-08,131,40,131,0,NA
2095,/events/details/2095/,Feder League: Durchschlag Krieger Cup,2024,Poland,2024-05-12,69,4,69,0,NA
2094,/events/details/2094/,Feder League: Frauschlag Krieger Cup,2024,Poland,2024-05-11,21,6,21,0,NA
146,/events/details/146/,Feile Na Gaiscigh,2017,Ireland,2017-06-30,40,18,40,0,NA
1238,/events/details/1238/,Feile Na Gaiscigh,2018,Ireland,2018-02-16,42,16,25,17,0.6
2046,/events/details/2046/,Feile Na Gaiscigh,2024,Ireland,2024-05-04,23,5,22,1,0.96
1237,/events/details/1237/,Ferrand,2018,France,2018-02-24,75,11,75,0,NA
118,/events/details/118/,Festival Of The Sword,2017,Australia,2017-04-22,61,6,61,0,NA
1384,/events/details/1384/,Festival Of The Sword,2018,Australia,2018-07-13,19,1,8,11,0.42
1457,/events/details/1457/,Festival Of The Sword,2019,Australia,2019-04-19,52,4,47,5,0.9
164,/events/details/164/,Fightcamp,2017,United Kingdom,2017-08-11,100,13,100,0,NA
1314,/events/details/1314/,Fightcamp,2018,United Kingdom,2018-08-15,100,14,47,53,0.47
1596,/events/details/1596/,Fightcamp,2019,United Kingdom,2019-08-16,85,14,46,39,0.54
121,/events/details/121/,Fior Di Szatmar,2017,Romania,2017-05-06,15,1,15,0,NA
1274,/events/details/1274/,Fior Di Szatmar,2018,Romania,2018-05-03,20,8,14,6,0.7
1259,/events/details/1259/,Fiore Open,2018,Australia,2018-04-08,17,1,17,0,NA
1513,/events/details/1513/,Five Rings Classical Fencing Open,2019,United States,2019-09-28,35,0,35,0,NA
1650,/events/details/1650/,Five Rings Classical Fencing Open,2021,United States,2021-09-28,22,0,14,8,0.64
1338,/events/details/1338/,Five Rings Fencing Annual Kc Sword Tournament,2018,United States,2018-09-22,22,0,22,0,NA
2101,/events/details/2101/,Flor De Aco,2024,Brazil,2024-06-09,9,0,9,0,NA
1502,/events/details/1502/,Flower Of Battle,2019,United States,2019-07-19,54,2,54,0,NA
94,/events/details/94/,Flowerpoint,2017,United States,2017-03-04,60,0,60,0,NA
1248,/events/details/1248/,Flowerpoint,2018,United States,2018-03-23,86,2,61,25,0.71
1911,/events/details/1911/,Flugelschlag Ossweil,2023,Germany,2023-09-09,22,1,22,0,NA
1515,/events/details/1515/,Flugelschlag Stuttgart,2019,Germany,2019-09-07,23,0,23,0,NA
1798,/events/details/1798/,Fosse Aux Lions,2023,France,2023-03-11,53,2,53,0,NA
1910,/events/details/1910/,Four Openings Rapier Tournament,2023,United States,2023-10-14,26,0,26,0,NA
1761,/events/details/1761/,Fraufecht,2022,United States,2022-09-03,19,0,19,0,NA
2039,/events/details/2039/,Fraufecht,2023,United States,2023-09-02,24,0,14,10,0.58
2148,/events/details/2148/,Fraufecht,2024,United States,2024-08-31,39,1,23,16,0.59
1856,/events/details/1856/,Freifechttag,2023,Germany,2023-07-15,8,1,8,0,NA
2088,/events/details/2088/,Friendfecht,2024,Australia,2024-06-08,28,0,28,0,NA
1978,/events/details/1978/,Fright Fight,2023,United States,2023-10-27,56,0,56,0,NA
1957,/events/details/1957/,Frost On The Blade,2023,Canada,2023-11-18,51,2,51,0,NA
126,/events/details/126/,Fruhlingsfechten,2017,Germany,2017-04-23,13,1,13,0,NA
1275,/events/details/1275/,Fruhlingsfechten,2018,Germany,2018-04-28,27,2,19,8,0.7
1456,/events/details/1456/,Fruhlingsfechten,2019,Germany,2019-04-28,29,3,14,15,0.48
110,/events/details/110/,Galway Hema Open,2016,Ireland,2016-08-20,18,5,18,0,NA
1377,/events/details/1377/,Galway Longsword Open,2018,Ireland,2018-11-17,15,2,15,0,NA
1418,/events/details/1418/,Geselle Fechten,2018,United States,2018-09-15,44,1,44,0,NA
1532,/events/details/1532/,Gesellen Fechten,2019,United States,2019-10-19,92,2,92,0,NA
1661,/events/details/1661/,Gesellen Fechten,2021,United States,2021-10-15,87,2,59,28,0.68
1792,/events/details/1792/,Gesellen Fechten,2022,United States,2022-10-28,109,0,79,30,0.72
1996,/events/details/1996/,Gesellen Fechten,2023,United States,2023-10-22,145,2,89,56,0.61
1385,/events/details/1385/,Glasgow Hema Open,2018,United Kingdom,2018-12-08,26,0,26,0,NA
1574,/events/details/1574/,Glasgow Hema Open,2019,United Kingdom,2019-12-08,13,0,6,7,0.46
1699,/events/details/1699/,Glasgow Hema Open,2022,United Kingdom,2022-02-26,31,0,25,6,0.81
1817,/events/details/1817/,Glasgow Hema Open,2023,United Kingdom,2023-02-25,40,1,26,14,0.65
2062,/events/details/2062/,Glasgow Hema Open,2024,United Kingdom,2024-02-24,52,1,35,17,0.67
1449,/events/details/1449/,Go Fencing Day,2018,Russia,2018-11-04,35,0,35,0,NA
1939,/events/details/1939/,Goats Of War,2023,Belgium,2023-11-11,57,24,57,0,NA
1718,/events/details/1718/,Gold Coast Classic: Longsword,2022,Australia,2022-06-18,15,0,15,0,NA
2025,/events/details/2025/,Gold Coast Classic: Longsword,2024,Australia,2024-04-13,24,0,18,6,0.75
2175,/events/details/2175/,Gold Coast Classic: Rapier,2024,Australia,2024-09-21,30,0,30,0,NA
1981,/events/details/1981/,Gold Coast Classic: Sidesword,2024,Australia,2024-01-20,30,0,30,0,NA
1852,/events/details/1852/,Grand Challenge De Sabre,2022,France,2022-12-17,19,18,19,0,NA
1497,/events/details/1497/,Great Fight North,2019,Canada,2019-07-06,33,13,33,0,NA
2114,/events/details/2114/,Green Chapel,2024,United States,2024-06-22,50,0,50,0,NA
1621,/events/details/1621/,Green Chapel Tourney,2021,United States,2021-05-01,26,0,26,0,NA
1707,/events/details/1707/,Green Chapel Tourney,2022,United States,2022-04-23,15,0,9,6,0.6
1863,/events/details/1863/,Green Chapel Tourney,2023,United States,2023-04-22,10,0,6,4,0.6
116,/events/details/116/,Guard,2017,Ireland,2017-02-25,16,2,16,0,NA
1913,/events/details/1913/,Hanseschlag Hamburg,2023,Germany,2023-08-26,47,10,47,0,NA
69,/events/details/69/,Heffac,2015,Netherlands,2015-10-10,58,11,58,0,NA
63,/events/details/63/,Heffac,2016,Netherlands,2016-10-15,68,14,39,29,0.57
169,/events/details/169/,Heffac,2017,Netherlands,2017-10-14,59,9,28,31,0.47
1349,/events/details/1349/,Heffac,2018,Belgium,2018-10-20,31,22,17,14,0.55
17,/events/details/17/,Helsinki Bolognese Open,2015,Finland,2015-11-21,20,11,20,0,NA
53,/events/details/53/,Helsinki Bolognese Open,2016,Finland,2016-11-19,28,9,18,10,0.64
1191,/events/details/1191/,Helsinki Bolognese Open,2017,Finland,2017-11-25,14,1,4,10,0.29
1332,/events/details/1332/,Helsinki Bolognese Open,2018,Finland,2018-08-10,21,6,12,9,0.57
13,/events/details/13/,Helsinki Longsword Open,2014,Finland,2014-01-18,39,22,39,0,NA
7,/events/details/7/,Helsinki Longsword Open,2015,Finland,2015-01-31,45,29,27,18,0.6
1,/events/details/1/,Helsinki Longsword Open,2016,Finland,2016-01-23,46,22,22,24,0.48
55,/events/details/55/,Helsinki Longsword Open,2017,Finland,2017-01-20,69,37,49,20,0.71
1224,/events/details/1224/,Helsinki Longsword Open,2018,Finland,2018-01-19,65,37,39,26,0.6
1401,/events/details/1401/,Helsinki Longsword Open,2019,Finland,2019-01-18,70,37,37,33,0.53
1581,/events/details/1581/,Helsinki Longsword Open,2020,Finland,2020-01-31,71,41,39,32,0.55
1714,/events/details/1714/,Helsinki Longsword Open,2022,Finland,2022-05-20,52,20,37,15,0.71
1794,/events/details/1794/,Helsinki Longsword Open,2023,Finland,2023-01-27,101,51,74,27,0.73
1983,/events/details/1983/,Helsinki Longsword Open,2024,Finland,2024-01-19,147,92,97,50,0.66
1308,/events/details/1308/,Hema Ianua,2018,Italy,2018-02-11,61,5,61,0,NA
1486,/events/details/1486/,Hema Ianua,2019,Italy,2019-01-26,80,4,49,31,0.61
2030,/events/details/2030/,Hema Ianua,2024,Italy,2024-01-21,73,3,53,20,0.73
1849,/events/details/1849/,Hema Mistrovstvi Ceske Republiky Sermu Dlouhym Mecem,2023,Czech Republic,2023-06-03,61,0,61,0,NA
1964,/events/details/1964/,Hema Open Getxo,2023,Spain,2023-11-11,33,1,33,0,NA
1463,/events/details/1463/,Hema Open Leioa,2019,Spain,2019-05-18,28,0,28,0,NA
1800,/events/details/1800/,Hema Peru Open,2023,Peru,2023-03-18,29,0,29,0,NA
1211,/events/details/1211/,Hema Pro Challenge,2017,Italy,2017-12-16,58,13,58,0,NA
1976,/events/details/1976/,Hema Riga Singlestick Open,2023,Latvia,2023-12-16,24,9,24,0,NA
1860,/events/details/1860/,Hema Tournament,2023,Czech Republic,2023-03-25,15,1,15,0,NA
183,/events/details/183/,Hema Tournament Prague,2017,Czech Republic,2017-11-11,43,19,43,0,NA
1589,/events/details/1589/,Hema Turnaj Digladioru,2020,Czech Republic,2020-02-08,46,11,46,0,NA
1888,/events/details/1888/,Hema Union Open Saber,2023,Taiwan,2023-09-10,16,0,16,0,NA
2067,/events/details/2067/,Hema Union Open Saber,2024,Taiwan,2024-04-21,15,0,9,6,0.6
1877,/events/details/1877/,Hema Union Sword&Buckler,2023,Taiwan,2023-04-09,8,0,8,0,NA
2127,/events/details/2127/,Hema Washfechten,2024,Serbia,2024-08-03,31,18,31,0,NA
142,/events/details/142/,Hemac Hemathlon,2017,Greece,2017-06-09,42,12,42,0,NA
1286,/events/details/1286/,Hemac Hemathlon,2018,Greece,2018-06-08,57,26,38,19,0.67
1527,/events/details/1527/,Hemac Hemathlon,2019,Greece,2019-06-07,34,15,17,17,0.5
1741,/events/details/1741/,Hemac Hemathlon,2022,Greece,2022-06-11,54,29,40,14,0.74
1844,/events/details/1844/,Hemac Hemathlon,2023,Greece,2023-06-10,46,15,24,22,0.52
1767,/events/details/1767/,Hemageddon,2022,United States,2022-08-20,30,1,30,0,NA
1915,/events/details/1915/,Hemageddon,2023,United States,2023-08-05,24,0,19,5,0.79
1464,/events/details/1464/,Hemaics Dolomiti,2019,Italy,2019-05-18,44,7,44,0,NA
36,/events/details/36/,Hemathlon,2016,Greece,2016-06-03,44,13,44,0,NA
1439,/events/details/1439/,Hematolia,2019,Turkey,2019-04-13,28,9,28,0,NA
1436,/events/details/1436/,Hematom,2018,Croatia,2018-02-14,24,11,24,0,NA
1434,/events/details/1434/,Hematom,2019,Croatia,2019-04-13,26,13,17,9,0.65
131,/events/details/131/,Hemay,2017,Hungary,2017-04-30,8,2,8,0,NA
1550,/events/details/1550/,Herkules Hema Turnier Kassel,2019,Germany,2019-10-26,46,0,46,0,NA
1628,/events/details/1628/,Hojas De Plata,2019,Argentina,2019-08-17,22,12,22,0,NA
1820,/events/details/1820/,Holmgang,2023,Sweden,2023-06-03,40,6,40,0,NA
2074,/events/details/2074/,Holmgang,2024,Sweden,2024-05-25,42,4,26,16,0.62
2139,/events/details/2139/,Hornfest,2024,Canada,2024-07-13,20,0,20,0,NA
2116,/events/details/2116/,Hot Sword Summer,2024,United States,2024-06-22,57,1,57,0,NA
60,/events/details/60/,Hvn Charity Tournament,2016,Netherlands,2016-12-10,38,8,38,0,NA
1198,/events/details/1198/,Hvn Singlestick Charity Tournament,2017,Netherlands,2017-12-10,55,15,55,0,NA
1380,/events/details/1380/,Hvn Singlestick Charity Tournament,2018,Netherlands,2018-12-01,58,22,33,25,0.57
1602,/events/details/1602/,Hvn Singlestick Charity Tournament,2019,Netherlands,2019-12-07,63,13,36,27,0.57
1804,/events/details/1804/,Hvn Singlestick Charity Tournament,2022,Netherlands,2022-12-06,49,3,33,16,0.67
31,/events/details/31/,Icebreaker,2016,United States,2016-04-16,24,2,24,0,NA
140,/events/details/140/,Icebreaker Open,2017,United States,2017-05-13,38,2,38,0,NA
1339,/events/details/1339/,Icebreaker Open,2018,United States,2018-04-28,69,6,41,28,0.59
1440,/events/details/1440/,Icebreaker Open,2019,United States,2019-04-26,75,4,42,33,0.56
1799,/events/details/1799/,Icebreaker Open,2022,United States,2022-04-29,79,10,61,18,0.77
1935,/events/details/1935/,Icebreaker Open,2023,United States,2023-04-21,106,13,63,43,0.59
2043,/events/details/2043/,Icebreaker Open,2024,United States,2024-04-19,109,8,49,60,0.45
1810,/events/details/1810/,Ides Of March,2023,Australia,2023-03-25,40,0,40,0,NA
2031,/events/details/2031/,Ides Of March,2024,Australia,2024-03-23,54,2,26,28,0.48
1458,/events/details/1458/,Ifg Spring Fling,2019,United States,2019-04-27,30,8,30,0,NA
1828,/events/details/1828/,Ifg Spring Fling: Tournament Of Roses,2023,United States,2023-06-04,87,12,87,0,NA
2105,/events/details/2105/,Ifg Spring Fling: Tournament Of Roses,2024,United States,2024-06-15,88,7,53,35,0.6
1386,/events/details/1386/,Ifhema Cup,2018,Portugal,2018-11-30,71,52,71,0,NA
16,/events/details/16/,Igx,2014,United States,2014-09-26,16,4,16,0,NA
29,/events/details/29/,Igx,2015,United States,2015-10-02,57,11,51,6,0.89
1702,/events/details/1702/,Iluro Pugnare,2022,Spain,2022-03-26,24,9,24,0,NA
1853,/events/details/1853/,Iluro Pugnare,2023,Spain,2023-05-13,22,6,11,11,0.5
1644,/events/details/1644/,Intermeco,2021,Serbia,2021-12-04,35,1,35,0,NA
1811,/events/details/1811/,Intermezzo,2023,Serbia,2023-05-13,49,0,49,0,NA
2072,/events/details/2072/,Intermezzo,2024,Serbia,2024-05-18,56,1,23,33,0.41
77,/events/details/77/,International Lowlands Hema Gathering,2013,Netherlands,2013-09-07,16,12,16,0,NA
78,/events/details/78/,International Lowlands Hema Gathering,2014,Netherlands,2014-09-06,23,13,17,6,0.74
82,/events/details/82/,International Lowlands Hema Gathering,2015,Netherlands,2015-09-05,12,9,8,4,0.67
138,/events/details/138/,International Lowlands Hema Gathering,2017,Netherlands,2017-06-24,43,13,40,3,0.93
141,/events/details/141/,Iron Gate Exhibition,2016,United States,2016-10-07,41,10,41,0,NA
177,/events/details/177/,Iron Gate Exhibition,2017,United States,2017-09-29,62,7,43,19,0.69
1345,/events/details/1345/,Iron Gate Exhibition,2018,United States,2018-09-28,80,10,43,37,0.54
1523,/events/details/1523/,Iron Gate Exhibition,2019,United States,2019-09-27,110,15,64,46,0.58
1907,/events/details/1907/,Iron Gate Exhibition,2023,United States,2023-09-22,100,7,80,20,0.8
2087,/events/details/2087/,Iron Gate Exhibition Spring,2024,United States,2024-06-01,104,3,104,0,NA
117,/events/details/117/,Ishc Sabre And Longsword Open Tournament,2016,Ireland,2016-11-12,12,0,12,0,NA
1543,/events/details/1543/,It's Just A Flesh Wound,2019,Canada,2019-05-18,17,1,17,0,NA
1656,/events/details/1656/,Italian Sidesword Open,2020,Italy,2020-10-11,35,0,35,0,NA
2055,/events/details/2055/,Italian Sidesword Open,2022,Italy,2022-10-15,45,2,33,12,0.73
120,/events/details/120/,Jihlavsky Hema Turnaj,2017,Czech Republic,2017-05-13,53,30,53,0,NA
1366,/events/details/1366/,Johann Georg Pascha Turnier,2015,Germany,2015-10-29,10,0,10,0,NA
1367,/events/details/1367/,Johann Georg Pascha Turnier,2016,Germany,2016-11-27,8,1,4,4,0.5
1368,/events/details/1368/,Johann Georg Pascha Turnier,2017,Germany,2017-11-12,14,1,11,3,0.79
1369,/events/details/1369/,Johann Georg Pascha Turnier,2018,Germany,2018-10-21,9,1,6,3,0.67
1559,/events/details/1559/,Johann Georg Pascha Turnier,2019,Germany,2019-11-03,14,1,11,3,0.79
1824,/events/details/1824/,Jostuv Pohar,2023,Czech Republic,2023-05-20,22,1,22,0,NA
2084,/events/details/2084/,Jostuv Pohar,2024,Czech Republic,2024-05-18,11,0,8,3,0.73
2073,/events/details/2073/,Judgement Day,2024,United Kingdom,2024-05-26,23,0,23,0,NA
1698,/events/details/1698/,Just A Little Weird,2022,United States,2022-01-22,34,0,34,0,NA
3,/events/details/3/,Jyvaskylan Pitkamiekka,2015,Finland,2015-09-12,28,0,28,0,NA
1622,/events/details/1622/,Kard Rendje Bajnoksag,2020,Hungary,2020-10-11,24,1,24,0,NA
1769,/events/details/1769/,Karntner Landesmeisterschaft,2022,Austria,2022-05-29,16,0,16,0,NA
1896,/events/details/1896/,Karntner Landesmeisterschaft,2023,Austria,2023-06-04,13,1,8,5,0.62
1553,/events/details/1553/,Katzenkampf Octoberfecht,2019,Russia,2019-10-29,24,0,24,0,NA
1691,/events/details/1691/,Keppinautur,2021,Iceland,2021-11-13,11,3,11,0,NA
1802,/events/details/1802/,Keppinautur,2023,Iceland,2023-03-11,19,9,16,3,0.84
2019,/events/details/2019/,Keppinautur,2024,Iceland,2024-03-22,23,8,13,10,0.57
1846,/events/details/1846/,King Of The Green Mountain,2022,United States,2022-12-10,38,1,38,0,NA
2034,/events/details/2034/,King Of The Green Mountain,2023,United States,2023-12-09,29,6,18,11,0.62
2003,/events/details/2003/,King's Cup,2024,United States,2024-01-12,121,5,121,0,NA
1865,/events/details/1865/,Kings Cup,2023,United States,2023-01-13,158,10,158,0,NA
1942,/events/details/1942/,Kings Cup Warmup Saber Tournament & Referee Seminar,2022,United States,2022-06-05,7,1,7,0,NA
2004,/events/details/2004/,Knife Fencing Day,2023,Italy,2023-06-10,31,5,31,0,NA
1925,/events/details/1925/,Kolaudacka Nove Haly,2023,Czech Republic,2023-11-05,11,0,11,0,NA
1782,/events/details/1782/,Kord Puklerz,2022,Poland,2022-11-12,18,0,18,0,NA
1692,/events/details/1692/,Kostky Jsou Vrzeny,2021,Czech Republic,2021-10-23,17,0,17,0,NA
1725,/events/details/1725/,Kr Springtournament,2022,Hungary,2022-05-28,60,24,60,0,NA
1678,/events/details/1678/,Kr Winter Tournament,2022,Hungary,2022-02-19,50,6,50,0,NA
1689,/events/details/1689/,Krkavci Jarni Fechtik,2022,Czech Republic,2022-04-03,14,2,14,0,NA
1775,/events/details/1775/,Krkavci Jarni Fechtik,2023,Czech Republic,2023-04-01,25,4,20,5,0.8
2024,/events/details/2024/,Krkavci Jarni Fechtik,2024,Czech Republic,2024-04-06,23,1,18,5,0.78
1663,/events/details/1663/,Krkavci Podzimni Fechtik,2021,Czech Republic,2021-10-30,14,3,14,0,NA
1757,/events/details/1757/,Krkavci Podzimni Fechtik,2022,Czech Republic,2022-11-05,18,2,11,7,0.61
1924,/events/details/1924/,Krkavci Podzimni Fechtik,2023,Czech Republic,2023-10-28,22,1,17,5,0.77
59,/events/details/59/,Krump Pow,2016,United States,2016-09-30,48,1,48,0,NA
1267,/events/details/1267/,Krump Pow,2017,United States,2017-09-09,44,1,18,26,0.41
1424,/events/details/1424/,Krump Pow,2018,United States,2018-10-05,80,2,51,29,0.64
1958,/events/details/1958/,Krump Pow,2023,United States,2023-10-27,57,1,46,11,0.81
1786,/events/details/1786/,Krvise,2023,Hungary,2023-02-25,40,7,40,0,NA
1832,/events/details/1832/,Krvise,2023,Hungary,2023-05-27,31,5,9,22,0.29
1295,/events/details/1295/,La Curee De Melusine ,2018,France,2018-06-23,18,0,18,0,NA
2006,/events/details/2006/,La Curee De Melusine ,2024,France,2024-01-20,36,2,31,5,0.86
2023,/events/details/2023/,La Fosse Aux Lions,2024,France,2024-04-06,51,3,51,0,NA
1441,/events/details/1441/,La Voute De Fer,2019,France,2019-04-14,36,19,36,0,NA
2100,/events/details/2100/,La Voute De Fer,2024,France,2024-03-24,25,11,21,4,0.84
1869,/events/details/1869/,Ladies Knight,2023,United States,2023-04-15,39,0,39,0,NA
2066,/events/details/2066/,Ladies Knight,2024,United States,2024-04-28,36,0,23,13,0.64
1912,/events/details/1912/,Lake Hema,2023,Italy,2023-09-30,96,5,96,0,NA
57,/events/details/57/,Langhema,2016,Italy,2016-11-19,62,4,62,0,NA
1399,/events/details/1399/,Langhema,2018,Italy,2018-11-17,61,1,46,15,0.75
1585,/events/details/1585/,Langhema,2019,Italy,2019-11-16,67,3,40,27,0.6
1876,/events/details/1876/,Legend Of The Lake Open,2023,United States,2023-04-08,38,16,38,0,NA
2038,/events/details/2038/,Legend Of The Lake Open,2024,United States,2024-04-27,49,11,33,16,0.67
2020,/events/details/2020/,Let Skoly Digladior,2024,Czech Republic,2024-03-23,60,10,60,0,NA
1329,/events/details/1329/,Level One Dueling Sabre And Longsword,2018,Russia,2018-05-19,68,2,68,0,NA
132,/events/details/132/,Level One: Military Sabre,2017,Russia,2017-04-08,11,0,11,0,NA
2051,/events/details/2051/,London Hema Open,2024,United Kingdom,2024-05-04,95,15,95,0,NA
1347,/events/details/1347/,Lone Star Open,2018,United States,2018-10-13,16,1,16,0,NA
1197,/events/details/1197/,Long Island Point,2017,United States,2017-12-01,55,0,55,0,NA
1370,/events/details/1370/,Long Island Point,2018,United States,2018-11-16,56,1,29,27,0.52
19,/events/details/19/,Longpoint,2012,United States,2012-06-14,44,3,44,0,NA
20,/events/details/20/,Longpoint,2013,United States,2013-07-12,72,23,52,20,0.72
21,/events/details/21/,Longpoint,2014,United States,2014-07-17,85,14,51,34,0.6
9,/events/details/9/,Longpoint,2015,United States,2015-07-24,129,14,76,53,0.59
58,/events/details/58/,Longpoint,2016,United States,2016-07-21,128,14,59,69,0.46
144,/events/details/144/,Longpoint,2017,United States,2017-07-06,194,22,115,79,0.59
1431,/events/details/1431/,Longpoint,2019,United States,2019-03-28,74,9,39,35,0.53
81,/events/details/81/,Longpoint South,2016,United States,2016-10-13,77,5,77,0,NA
174,/events/details/174/,Longpoint South,2017,United States,2017-10-27,50,2,28,22,0.56
1940,/events/details/1940/,Longsword,2023,Brazil,2023-07-23,10,0,10,0,NA
1806,/events/details/1806/,Looking Sharpe,2023,United States,2023-01-21,28,0,28,0,NA
1326,/events/details/1326/,Lord Baltimore's Challenge,2018,United States,2018-07-07,47,1,47,0,NA
2015,/events/details/2015/,Lovestruck For Longsword,2024,Canada,2024-03-03,28,0,28,0,NA
2106,/events/details/2106/,Manitoba Highland Gathering,2024,Canada,2024-06-22,27,2,27,0,NA
2009,/events/details/2009/,March Into Swordstrong,2024,United States,2024-03-10,19,0,19,0,NA
2122,/events/details/2122/,Marozzo Cup,2024,Australia,2024-07-13,34,0,34,0,NA
1609,/events/details/1609/,Mcho Beta 3 Longsword,2020,United States,2020-01-11,22,0,22,0,NA
1479,/events/details/1479/,Mcho Beta Tourney,2019,United States,2019-06-01,20,0,20,0,NA
1459,/events/details/1459/,Mcr Hema Jihlava,2019,Czech Republic,2019-05-11,46,2,46,0,NA
1196,/events/details/1196/,Mec,2017,Czech Republic,2017-12-02,41,23,41,0,NA
2082,/events/details/2082/,Mediterranean Knife Fight,2023,Latvia,2023-11-25,17,5,17,0,NA
1999,/events/details/1999/,Messer Mayhem,2024,United States,2024-02-24,30,0,30,0,NA
1599,/events/details/1599/,Meyer Open,2020,China,2020-07-04,19,0,19,0,NA
1668,/events/details/1668/,Mhs Grand Prix,2021,Hungary,2021-09-25,78,48,78,0,NA
1739,/events/details/1739/,Mhs Grand Prix,2022,Hungary,2022-09-24,82,53,55,27,0.67
133,/events/details/133/,Michigan Medieval Combat Association 10 Year Anniversary Tournament,2017,United States,2017-05-14,8,0,8,0,NA
1334,/events/details/1334/,Mid Atlantic Rookie Tournament: Fighty Mcfightface,2018,United States,2018-09-15,60,1,60,0,NA
1803,/events/details/1803/,Mid Continental Hema Open,2022,United States,2022-11-04,72,2,72,0,NA
1857,/events/details/1857/,Midsummer Fightnight,2023,Romania,2023-07-22,35,2,35,0,NA
2110,/events/details/2110/,Midsummer Fightnight,2024,Romania,2024-06-29,27,0,15,12,0.56
101,/events/details/101/,Midwinter Armizare Open,2017,United States,2017-01-21,40,1,40,0,NA
1452,/events/details/1452/,Midwinter Armizare Open,2019,United States,2019-01-26,39,1,28,11,0.72
1582,/events/details/1582/,Midwinter Armizare Open,2020,United States,2020-01-25,73,2,48,25,0.66
1695,/events/details/1695/,Midwinter Armizare Open,2022,United States,2022-03-12,50,1,26,24,0.52
1784,/events/details/1784/,Midwinter Armizare Open,2023,United States,2023-01-29,65,2,43,22,0.66
2061,/events/details/2061/,Midwinter Armizare Open,2024,United States,2024-01-20,70,1,39,31,0.56
1516,/events/details/1516/,Military Sabre Tournament,2019,Ireland,2019-09-07,9,0,9,0,NA
1706,/events/details/1706/,Mistrovstvi Cr Sermu Dlouhym Mecem,2022,Czech Republic,2022-05-15,45,1,45,0,NA
2099,/events/details/2099/,Mistrovstvi Cr Sermu Dlouhym Mecem,2024,Czech Republic,2024-06-15,32,0,18,14,0.56
1963,/events/details/1963/,Mistrovstvi Sermu Nozem,2023,Czech Republic,2023-09-09,22,0,22,0,NA
135,/events/details/135/,Montpellier Hema Tournament,2016,France,2016-03-12,24,2,24,0,NA
115,/events/details/115/,Montpellier Hema Tournament,2017,France,2017-03-25,52,4,37,15,0.71
1273,/events/details/1273/,Montpellier Hema Tournament,2018,France,2018-03-31,65,9,36,29,0.55
1432,/events/details/1432/,Montpellier Hema Tournament,2019,France,2019-03-23,64,12,42,22,0.66
1620,/events/details/1620/,Montpellier Hema Tournament,2020,France,2020-09-19,37,4,25,12,0.68
1815,/events/details/1815/,Montpellier Hema Tournament,2023,France,2023-03-25,73,31,59,14,0.81
2080,/events/details/2080/,Montpellier Hema Tournament,2024,France,2024-03-09,69,17,39,30,0.57
1278,/events/details/1278/,Montreal Sword Meisters,2018,Canada,2018-05-18,34,3,34,0,NA
1465,/events/details/1465/,Montreal Sword Meisters,2019,Canada,2019-05-19,48,9,27,21,0.56
1994,/events/details/1994/,Montreal Sword Meisters,2023,Canada,2023-05-19,89,10,68,21,0.76
2172,/events/details/2172/,Montreal Sword Meisters,2024,Canada,2024-05-17,77,10,37,40,0.48
2155,/events/details/2155/,Mortslag,2024,Belgium,2024-09-07,45,20,45,0,NA
1904,/events/details/1904/,Musketeer Challenge,2023,United States,2023-07-22,33,0,33,0,NA
1425,/events/details/1425/,Mutinaensis ,2019,Italy,2019-02-16,48,0,48,0,NA
2085,/events/details/2085/,Na Duel!,2024,Czech Republic,2024-06-02,41,2,41,0,NA
1710,/events/details/1710/,Nd Annual Tournament Of Defense,2021,United States,2021-11-06,24,1,24,0,NA
1435,/events/details/1435/,Necro,2018,Croatia,2018-08-25,15,8,15,0,NA
1651,/events/details/1651/,Nederlandse Hema Kampioenschappen,2021,Netherlands,2021-09-26,59,0,59,0,NA
1403,/events/details/1403/,Nederlandse Hema Kampioenschappen 2019: Evenement,2019,Netherlands,2019-01-26,53,1,53,0,NA
1455,/events/details/1455/,Nederlandse Hema Kampioenschappen 2019: Evenement,2019,Netherlands,2019-04-13,43,0,13,30,0.3
1496,/events/details/1496/,Nederlandse Hema Kampioenschappen 2019: Evenement,2019,Netherlands,2019-07-06,49,1,21,28,0.43
1593,/events/details/1593/,Nederlandse Hema Kampioenschappen 2019: Evenement,2019,Netherlands,2019-11-16,40,1,17,23,0.43
1709,/events/details/1709/,Nederlandse Hema Kampioenschappen 2022: Evenement,2022,Netherlands,2022-05-07,52,0,52,0,NA
1746,/events/details/1746/,Nederlandse Hema Kampioenschappen 2022: Evenement,2022,Netherlands,2022-08-13,49,0,19,30,0.39
1801,/events/details/1801/,Nederlandse Hema Kampioenschappen 2022: Evenement:,2022,Netherlands,2022-11-12,42,0,42,0,NA
1933,/events/details/1933/,Nederlandse Hema Kampioenschappen 2023: Evenement:,2023,Netherlands,2023-05-20,56,0,56,0,NA
1533,/events/details/1533/,New Amsterdam Hema Open,2019,United States,2019-10-26,56,2,56,0,NA
1466,/events/details/1466/,Nhfl Championships,2019,Sweden,2019-05-11,46,15,46,0,NA
2136,/events/details/2136/,Nhk,2023,Netherlands,2023-09-23,55,0,55,0,NA
2135,/events/details/2135/,Nhk Disciplines,2024,Netherlands,2024-06-22,39,2,39,0,NA
1188,/events/details/1188/,"Niederosterreichische Landesmeisterschaft ""Langes Schwert""",2017,Austria,2017-11-19,16,1,16,0,NA
1373,/events/details/1373/,Niederosterreichische Landesmeisterschaft Nolm,2018,Austria,2018-11-18,20,0,20,0,NA
1344,/events/details/1344/,Nordschlag,2018,Canada,2018-09-15,27,1,27,0,NA
1494,/events/details/1494/,Nordschlag,2019,Canada,2019-07-06,12,1,8,4,0.67
2060,/events/details/2060/,Nordschlag,2023,Canada,2023-10-07,28,1,24,4,0.86
1453,/events/details/1453/,Norppa Open,2019,Finland,2019-04-13,19,2,19,0,NA
1882,/events/details/1882/,North Gold Coast Classic,2023,Australia,2023-06-25,18,0,18,0,NA
145,/events/details/145/,North West Tournament,2017,Italy,2017-04-07,45,7,45,0,NA
11,/events/details/11/,Norway Open,2016,Norway,2016-04-08,51,36,51,0,NA
122,/events/details/122/,Norway Open,2017,Norway,2017-05-20,54,35,35,19,0.65
1383,/events/details/1383/,November Fechtschule,2018,Australia,2018-11-25,20,1,20,0,NA
1934,/events/details/1934/,Octoberhau,2023,United States,2023-10-21,44,4,44,0,NA
1202,/events/details/1202/,Offene Fechtturnier In Kassel,2016,Germany,2016-12-11,21,0,21,0,NA
178,/events/details/178/,Offenes Fechtturnier In Kassel,2017,Germany,2017-11-04,33,0,33,0,NA
1378,/events/details/1378/,Offenes Fechtturnier In Kassel,2018,Germany,2018-10-17,44,2,27,17,0.61
1281,/events/details/1281/,Ofhf Austrian Championships,2018,Austria,2018-05-26,56,23,56,0,NA
1487,/events/details/1487/,Ofhf Austrian Championships,2019,Austria,2019-05-19,26,0,14,12,0.54
1534,/events/details/1534/,Oktoberfecht,2019,Australia,2019-10-13,30,0,30,0,NA
1760,/events/details/1760/,Oktoberfecht,2022,Australia,2022-10-22,58,2,43,15,0.74
1932,/events/details/1932/,Oktoberfecht,2023,Australia,2023-10-21,68,3,36,32,0.53
1943,/events/details/1943/,Onion Cup ,2023,United States,2023-11-19,29,0,29,0,NA
1700,/events/details/1700/,Onion Cup Classic,2022,United States,2022-01-16,28,1,28,0,NA
1296,/events/details/1296/,Open Amhe Toulouse,2018,France,2018-06-02,69,22,69,0,NA
109,/events/details/109/,Open Championship Of Ural Federal District,2017,Russia,2017-04-08,61,2,61,0,NA
1546,/events/details/1546/,Open Championship Of Ural Federal District,2019,Russia,2019-11-24,72,0,60,12,0.83
1547,/events/details/1547/,Open Golden Forests Tournament Fall,2019,Russia,2019-11-09,68,1,68,0,NA
1447,/events/details/1447/,Open Golden Forests Tournament Spring,2019,Russia,2019-03-30,67,0,67,0,NA
1871,/events/details/1871/,Open Nacional Princesa Kristina,2023,Spain,2023-07-23,29,0,29,0,NA
170,/events/details/170/,Optimus Bucharest Hema Open Longsword Tournament,2017,Romania,2017-10-13,28,8,28,0,NA
181,/events/details/181/,Orebro Open,2014,Sweden,2014-04-11,37,17,37,0,NA
180,/events/details/180/,Orebro Open,2015,Sweden,2015-05-29,61,25,38,23,0.62
18,/events/details/18/,Orebro Oppna Langsvardsturnering,2013,Sweden,2013-04-26,32,8,32,0,NA
1282,/events/details/1282/,Oslo Penguin Cup,2018,Norway,2018-06-02,60,36,60,0,NA
1481,/events/details/1481/,Oslo Penguin Cup,2019,Norway,2019-06-01,62,43,30,32,0.48
1740,/events/details/1740/,Oslo Penguin Cup,2022,Norway,2022-09-24,97,67,75,22,0.77
1889,/events/details/1889/,Oslo Penguin Cup,2023,Norway,2023-09-02,72,42,35,37,0.49
1190,/events/details/1190/,Osterreichische Meisterschaft,2017,Austria,2017-05-21,35,7,35,0,NA
1460,/events/details/1460/,Ostfecht,2019,Slovakia,2019-05-11,41,13,41,0,NA
1823,/events/details/1823/,Ostravska Cepel,2023,Czech Republic,2023-04-15,27,11,27,0,NA
2042,/events/details/2042/,Panzerschwein Fechten,2024,United States,2024-04-27,50,0,50,0,NA
1616,/events/details/1616/,Pardubice Swordplay,2020,Czech Republic,2020-12-05,18,0,18,0,NA
83,/events/details/83/,Pardubicky Mec,2014,Czech Republic,2014-12-06,21,6,21,0,NA
90,/events/details/90/,Pardubicky Mec,2015,Czech Republic,2015-12-05,21,5,11,10,0.52
54,/events/details/54/,Pardubicky Mec,2016,Czech Republic,2016-12-03,23,13,12,11,0.52
1379,/events/details/1379/,Pardubicky Mec,2018,Czech Republic,2018-12-01,41,20,33,8,0.8
1632,/events/details/1632/,Pardubicky Mec,2021,Czech Republic,2021-12-04,58,23,43,15,0.74
1772,/events/details/1772/,Pardubicky Mec,2022,Czech Republic,2022-11-26,100,49,69,31,0.69
1948,/events/details/1948/,Pardubicky Mec,2023,Czech Republic,2023-11-25,77,33,32,45,0.42
1565,/events/details/1565/,Pardubicky Mec 2019 Hema Tournament,2019,Czech Republic,2019-11-30,74,32,74,0,NA
123,/events/details/123/,Paris Hema Open,2015,France,2015-06-06,35,15,35,0,NA
124,/events/details/124/,Paris Hema Open,2016,France,2016-06-18,27,16,17,10,0.63
125,/events/details/125/,Paris Hema Open,2017,France,2017-05-27,38,22,25,13,0.66
1294,/events/details/1294/,Paris Hema Open,2018,France,2018-06-23,27,15,11,16,0.41
2152,/events/details/2152/,Pedang Merdeka,2024,Indonesia,2024-08-17,28,1,28,0,NA
1670,/events/details/1670/,Pennsylvania Hema Open,2021,United States,2021-08-14,83,1,83,0,NA
1409,/events/details/1409/,Pfalzer Fehde,2018,Germany,2018-10-20,15,0,15,0,NA
161,/events/details/161/,Pgf Salut Birthday Tournament,2017,Poland,2017-09-16,18,0,18,0,NA
1603,/events/details/1603/,Plzen Hau,2019,Czech Republic,2019-12-21,15,4,15,0,NA
80,/events/details/80/,Pnw 2016: Swordsquatch,2016,United States,2016-09-09,44,5,44,0,NA
25,/events/details/25/,Pnw Hema Gathering,2013,United States,2013-08-23,50,21,50,0,NA
24,/events/details/24/,Pnw Hema Gathering,2014,United States,2014-08-08,44,27,24,20,0.55
26,/events/details/26/,Pnw Hema Gathering,2015,United States,2015-08-21,46,23,23,23,0.5
1640,/events/details/1640/,Podzimove Mecoklani,2021,Czech Republic,2021-11-20,37,5,37,0,NA
1755,/events/details/1755/,Podzimove Mecoklani,2022,Czech Republic,2022-10-09,49,3,31,18,0.63
1317,/events/details/1317/,Points North,2018,Canada,2018-08-04,39,1,39,0,NA
1507,/events/details/1507/,Points North,2019,Canada,2019-08-03,32,2,14,18,0.44
2083,/events/details/2083/,Prague Cup,2024,Czech Republic,2024-04-13,36,17,36,0,NA
1704,/events/details/1704/,Prazsky Argument,2022,Czech Republic,2022-04-30,56,9,56,0,NA
1791,/events/details/1791/,Prazsky Argument,2023,Czech Republic,2023-04-15,67,18,38,29,0.57
2107,/events/details/2107/,Prazsky Argument,2024,Czech Republic,2024-06-29,55,22,31,24,0.56
1249,/events/details/1249/,Prima Spada Hema Rapier Tournament,2018,Australia,2018-03-25,39,0,39,0,NA
1433,/events/details/1433/,Prima Spada Hema Rapier Tournament,2019,Australia,2019-03-24,34,0,12,22,0.35
1350,/events/details/1350/,Prima Spada Hema Sabre Tournament,2018,Australia,2018-10-21,18,0,18,0,NA
1489,/events/details/1489/,Primavera ,2019,Russia,2019-05-25,15,0,15,0,NA
1359,/events/details/1359/,Primer Torneo De Esgrima Historica De Santurtzi,2018,Spain,2018-11-04,25,0,25,0,NA
2144,/events/details/2144/,Proletariat Poke,2024,United States,2024-08-31,11,0,11,0,NA
2028,/events/details/2028/,Pumpkin Slice,2023,Canada,2023-10-29,16,0,16,0,NA
10,/events/details/10/,Purpleheart Armory Open,2016,United States,2016-03-18,70,5,70,0,NA
165,/events/details/165/,Purpleheart Open,2017,United States,2017-03-17,25,0,25,0,NA
1257,/events/details/1257/,Purpleheart Open,2018,United States,2018-04-08,96,11,80,16,0.83
1544,/events/details/1544/,Purpleheart Open,2019,United States,2019-08-23,54,3,42,12,0.78
1679,/events/details/1679/,Purpleheart Open,2022,United States,2022-02-25,62,1,49,13,0.79
172,/events/details/172/,Quadrohemia,2017,United Kingdom,2017-10-22,10,0,10,0,NA
1310,/events/details/1310/,Quadrohemia,2018,United Kingdom,2018-07-22,7,0,4,3,0.57
1230,/events/details/1230/,Quadrohemia 4.,2018,United Kingdom,2018-02-18,9,0,9,0,NA
1664,/events/details/1664/,Quadrohemia 6.5: Prelude To The Call Invitational,2021,United Kingdom,2021-10-10,12,0,12,0,NA
1499,/events/details/1499/,Quadrohemia 6: Wolfshead ,2019,United Kingdom,2019-07-21,15,0,15,0,NA
2052,/events/details/2052/,Qualificazioni Asc Nord,2023,Italy,2023-02-25,132,2,132,0,NA
2054,/events/details/2054/,Qualificazioni Asc Sud,2023,Italy,2023-04-22,63,0,63,0,NA
2058,/events/details/2058/,Qualificazioni Asc Sud,2024,Italy,2024-01-27,69,1,50,19,0.72
1605,/events/details/1605/,Qualificazioni Nord,2020,Italy,2020-02-01,98,0,98,0,NA
2154,/events/details/2154/,Queen Of The Hill,2024,Bulgaria,2024-09-07,9,3,9,0,NA
2125,/events/details/2125/,Queen's Court,2024,United States,2024-07-27,45,0,45,0,NA
1482,/events/details/1482/,Queen's Court Open,2019,United States,2019-06-22,19,1,19,0,NA
1770,/events/details/1770/,Queen's Court Open,2022,United States,2022-06-18,36,1,26,10,0.72
95,/events/details/95/,Queen's Gambit,2017,United States,2017-03-11,54,1,54,0,NA
1241,/events/details/1241/,Queen's Gambit,2018,United States,2018-02-09,73,0,38,35,0.52
1404,/events/details/1404/,Queen's Gambit,2019,United States,2019-01-18,46,1,17,29,0.37
1729,/events/details/1729/,Queen's Gambit,2022,United States,2022-07-15,78,0,69,9,0.88
2141,/events/details/2141/,Queen's Gambit,2024,United States,2024-07-19,114,3,93,21,0.82
2000,/events/details/2000/,Queens Court,2023,United States,2023-07-14,53,1,53,0,NA
1886,/events/details/1886/,Queens Gambit,2023,United States,2023-07-14,89,0,89,0,NA
1233,/events/details/1233/,Ram Point,2018,United States,2018-02-17,56,3,56,0,NA
2048,/events/details/2048/,Rapier Comp,2024,Australia,2024-04-30,18,0,18,0,NA
2037,/events/details/2037/,Rare ,2024,Hungary,2024-04-27,38,10,38,0,NA
113,/events/details/113/,Rd Annual Tosetti Institute Hema Tournament,2017,United States,2017-03-04,41,2,41,0,NA
1687,/events/details/1687/,"Rebel Fencing League: Rapier And Dagger Edition, Wroclaw",2022,Poland,2022-01-29,15,0,15,0,NA
136,/events/details/136/,Red Dragon Tourney,2017,United Kingdom,2017-06-24,24,0,24,0,NA
1467,/events/details/1467/,Renaissance Festival Of Nebraska Invitational,2019,United States,2019-05-11,12,0,12,0,NA
1842,/events/details/1842/,Revolution Rumble,2023,United States,2023-07-01,100,1,100,0,NA
2117,/events/details/2117/,Revolution Rumble,2024,United States,2024-07-06,99,2,63,36,0.64
1945,/events/details/1945/,Rise Of The Goose,2023,Canada,2023-11-18,20,0,20,0,NA
56,/events/details/56/,Rocky Mountain Krieg,2016,United States,2016-04-22,31,1,31,0,NA
147,/events/details/147/,Rocky Mountain Krieg,2017,United States,2017-05-13,37,1,19,18,0.51
49,/events/details/49/,Rose City Classic,2016,United States,2016-11-05,55,27,55,0,NA
184,/events/details/184/,Rose City Classic:,2017,United States,2017-11-11,60,15,60,0,NA
1680,/events/details/1680/,Rotyci Spar,2022,Czech Republic,2022-02-27,38,9,38,0,NA
1783,/events/details/1783/,Rotyci Spar,2023,Czech Republic,2023-02-11,54,5,35,19,0.65
1997,/events/details/1997/,Rotyci Spar,2024,Czech Republic,2024-02-10,60,15,34,26,0.57
2013,/events/details/2013/,S.t.a.b.,2024,United States,2024-03-09,29,0,29,0,NA
1727,/events/details/1727/,Sa Hema Triathlon,2022,Australia,2022-06-11,38,0,38,0,NA
1835,/events/details/1835/,Saarlandische Fechtschul,2023,Germany,2023-06-18,7,0,7,0,NA
2079,/events/details/2079/,Saarlandische Fechtschule,2024,Germany,2024-06-02,15,2,15,0,NA
1763,/events/details/1763/,Salt Lake Open,2022,United States,2022-10-14,76,1,76,0,NA
1985,/events/details/1985/,Salt Lake Open,2023,United States,2023-10-13,76,7,41,35,0.54
1189,/events/details/1189/,Salzburger Landesmeisterschaft,2017,Austria,2017-10-28,29,12,29,0,NA
1352,/events/details/1352/,Salzburger Landesmeisterschaft,2018,Austria,2018-10-20,35,10,19,16,0.54
1575,/events/details/1575/,Salzburger Landesmeisterschaft,2019,Austria,2019-10-26,27,6,8,19,0.3
1745,/events/details/1745/,Salzburger Landesmeisterschaft,2021,Austria,2021-10-30,46,19,33,13,0.72
175,/events/details/175/,Sandstorm,2017,United States,2017-09-23,40,1,40,0,NA
1851,/events/details/1851/,Satem,2023,Czech Republic,2023-06-17,34,0,34,0,NA
98,/events/details/98/,Savannah Historic Longsword Open,2017,United States,2017-04-01,22,0,22,0,NA
100,/events/details/100/,Scania Open,2017,Sweden,2017-04-08,53,26,53,0,NA
167,/events/details/167/,Scherma Medievale Nella Citta Ideale,2017,Italy,2017-04-29,68,1,68,0,NA
1269,/events/details/1269/,Scherma Medievale Nella Citta Ideale,2018,Italy,2018-04-28,88,1,57,31,0.65
1445,/events/details/1445/,Scherma Medievale Nella Citta Ideale,2019,Italy,2019-04-13,72,1,38,34,0.53
1712,/events/details/1712/,Scherma Medievale Nella Citta Ideale,2022,Italy,2022-05-07,93,0,73,20,0.78
1684,/events/details/1684/,Schnegel Fechten,2022,United States,2022-03-12,35,0,35,0,NA
1808,/events/details/1808/,Schnegel Fechten,2023,United States,2023-03-18,49,0,33,16,0.67
1262,/events/details/1262/,Schwertkampf,2018,Mexico,2018-03-29,15,4,15,0,NA
1572,/events/details/1572/,Segundo Torneo De Esgrima Historica De Santurtzi,2019,Spain,2019-12-01,22,0,22,0,NA
1491,/events/details/1491/,Sense And Sensibility With Smallswords,2019,Sweden,2019-03-03,9,0,9,0,NA
64,/events/details/64/,Serfo,2016,United States,2016-11-11,61,1,61,0,NA
1185,/events/details/1185/,Serfo,2017,United States,2017-11-10,80,1,49,31,0.61
1376,/events/details/1376/,Serfo,2018,United States,2018-11-09,100,2,53,47,0.53
1591,/events/details/1591/,Serfo,2019,United States,2019-11-10,100,2,45,55,0.45
1719,/events/details/1719/,Serfo,2022,United States,2022-06-10,117,2,79,38,0.68
1861,/events/details/1861/,Serfo,2023,United States,2023-06-09,158,3,96,62,0.61
2098,/events/details/2098/,Serfo,2024,United States,2024-06-07,152,2,70,82,0.46
2150,/events/details/2150/,Sharp Plum,2024,Serbia,2024-08-31,28,11,28,0,NA
2010,/events/details/2010/,Shemasters,2024,Germany,2024-03-09,12,1,12,0,NA
1652,/events/details/1652/,Sho,2021,United States,2021-09-26,10,0,10,0,NA
62,/events/details/62/,Shortpoint,2014,United States,2014-02-22,8,0,8,0,NA
105,/events/details/105/,Siberian Cup,2017,Russia,2017-01-21,30,0,30,0,NA
1607,/events/details/1607/,Siberian Cup,2020,Russia,2020-02-22,34,0,30,4,0.88
2063,/events/details/2063/,Sidesword Comp,2024,Australia,2024-04-06,21,0,21,0,NA
1284,/events/details/1284/,Sidesword Open,2018,Australia,2018-06-03,12,0,12,0,NA
1415,/events/details/1415/,Silicon Valley Sword Fight,2018,United States,2018-01-27,9,0,9,0,NA
151,/events/details/151/,Simply Synthetic,2017,Ireland,2017-08-05,17,0,17,0,NA
2045,/events/details/2045/,Singlestick Showdown,2024,Canada,2024-05-05,18,0,18,0,NA
1311,/events/details/1311/,Skunks,2012,Poland,2012-05-20,16,4,16,0,NA
1987,/events/details/1987/,Slms,2023,Austria,2023-10-28,36,8,36,0,NA
28,/events/details/28/,Socal Swordfight,2015,United States,2015-11-06,105,5,105,0,NA
79,/events/details/79/,Socal Swordfight,2017,United States,2017-02-17,76,8,45,31,0.59
1232,/events/details/1232/,Socal Swordfight,2018,United States,2018-02-16,83,8,42,41,0.51
1416,/events/details/1416/,Socal Swordfight,2019,United States,2019-02-15,147,8,97,50,0.66
1604,/events/details/1604/,Socal Swordfight,2020,United States,2020-02-14,179,9,87,92,0.49
1681,/events/details/1681/,Socal Swordfight,2022,United States,2022-02-18,148,6,79,69,0.53
1797,/events/details/1797/,Socal Swordfight,2023,United States,2023-02-17,306,20,210,96,0.69
1995,/events/details/1995/,Socal Swordfight,2024,United States,2024-02-23,316,14,161,155,0.51
1750,/events/details/1750/,Sofia Crossswords,2022,Bulgaria,2022-10-29,36,23,36,0,NA
1926,/events/details/1926/,Sofia Crossswords,2023,Bulgaria,2023-11-04,57,30,36,21,0.63
1972,/events/details/1972/,Sonata Di Spada,2023,Germany,2023-12-02,10,1,10,0,NA
1866,/events/details/1866/,South East Arc Fencing Open,2023,United States,2023-03-25,29,0,29,0,NA
2121,/events/details/2121/,Spada Di Bolognese Open Sidesword Comp 2024 Round,2024,Australia,2024-07-11,6,0,6,0,NA
2012,/events/details/2012/,Spada Di Bolognese Sidesword Comp March,2024,Australia,2024-03-07,10,0,10,0,NA
1756,/events/details/1756/,Spooky Scary Messer Showdown,2022,Canada,2022-10-30,36,4,36,0,NA
2014,/events/details/2014/,Spring Comet Crush,2024,United States,2024-01-25,22,0,22,0,NA
1838,/events/details/1838/,Spring Fechten,2023,United States,2023-05-20,43,1,43,0,NA
1715,/events/details/1715/,Spring Fling,2022,United States,2022-04-16,20,1,20,0,NA
1391,/events/details/1391/,Spring Golden Forests Championship,2018,Russia,2018-03-31,59,0,59,0,NA
1688,/events/details/1688/,Spring Hema Female Tournament:,2021,Ukraine,2021-03-28,12,11,12,0,NA
1397,/events/details/1397/,Spring Open Duel Fencing Championship Of The Ural Federal District,2018,Russia,2018-04-07,88,0,88,0,NA
1951,/events/details/1951/,Spring Tournament,2023,Canada,2023-03-31,27,1,27,0,NA
2081,/events/details/2081/,Spring Tournament,2024,Canada,2024-03-29,29,2,19,10,0.66
1469,/events/details/1469/,Spring Ural Cup,2019,Russia,2019-05-18,51,1,51,0,NA
1483,/events/details/1483/,Springfield Historical Fencing Guild 1st Annual Hema Tournament,2019,United States,2019-06-02,9,0,9,0,NA
2071,/events/details/2071/,Springsteel,2024,United States,2024-05-11,50,9,50,0,NA
1313,/events/details/1313/,St Hera Event,2018,Australia,2018-08-25,36,0,36,0,NA
1847,/events/details/1847/,Steel & Chill .,2023,Croatia,2023-07-01,25,16,25,0,NA
2124,/events/details/2124/,Steel & Chill .,2024,Croatia,2024-07-20,52,41,38,14,0.73
1353,/events/details/1353/,Steel City Open,2018,United States,2018-10-12,67,3,67,0,NA
1508,/events/details/1508/,Steel City Open,2019,United States,2019-08-31,56,3,31,25,0.55
1659,/events/details/1659/,Steel City Open,2021,United States,2021-09-03,81,3,56,25,0.69
1893,/events/details/1893/,Steel Jam Spring Bash,2023,United States,2023-05-13,30,0,30,0,NA
1892,/events/details/1892/,Steel Jam Summer Bash,2023,United States,2023-08-26,17,0,17,0,NA
1723,/events/details/1723/,Steve Hodgson Memorial Tournament,2022,New Zealand,2022-09-03,34,5,34,0,NA
1898,/events/details/1898/,Steve Hodgson Memorial Tournament,2023,New Zealand,2023-09-30,28,3,13,15,0.46
1530,/events/details/1530/,Stick Competition,2019,Canada,2019-08-02,8,1,8,0,NA
30,/events/details/30/,Study In Steel,2016,United States,2016-04-30,46,0,46,0,NA
114,/events/details/114/,Study In Steel,2017,United States,2017-04-29,70,1,44,26,0.63
1270,/events/details/1270/,Study In Steel,2018,United States,2018-04-27,53,1,27,26,0.51
2070,/events/details/2070/,Summer Fechten,2023,United States,2023-08-05,32,0,32,0,NA
2112,/events/details/2112/,Summer Longsword And Rapier Open,2024,United States,2024-06-29,24,0,24,0,NA
2149,/events/details/2149/,Summer Stab,2024,Canada,2024-08-25,19,0,19,0,NA
1586,/events/details/1586/,Summer Sword Clash,2020,Australia,2020-02-01,35,1,35,0,NA
1484,/events/details/1484/,Summer Swordfest,2019,United States,2019-06-02,10,0,10,0,NA
1949,/events/details/1949/,Summer Tournament,2022,Canada,2022-07-29,11,0,11,0,NA
1952,/events/details/1952/,Summer Tournament,2023,Canada,2023-06-30,20,0,16,4,0.8
2142,/events/details/2142/,Summer Tournament,2024,Canada,2024-06-29,18,0,10,8,0.56
37,/events/details/37/,Sweden Open,2016,Sweden,2016-06-17,60,26,60,0,NA
129,/events/details/129/,Sweden Open,2017,Sweden,2017-06-09,76,29,45,31,0.59
1737,/events/details/1737/,Swedish Championship,2022,Sweden,2022-07-02,51,0,51,0,NA
42,/events/details/42/,Swedish Championships,2016,Sweden,2016-09-02,56,0,56,0,NA
1302,/events/details/1302/,Swedish Championships,2018,Sweden,2018-07-06,53,1,30,23,0.57
1535,/events/details/1535/,Swedish Championships,2019,Sweden,2019-10-04,41,1,21,20,0.51
1883,/events/details/1883/,Swedish Championships,2023,Sweden,2023-06-30,30,0,22,8,0.73
2104,/events/details/2104/,Swedish Championships,2024,Sweden,2024-06-06,36,0,20,16,0.56
139,/events/details/139/,Swedish Championships (Finals),2017,Sweden,2017-07-01,19,0,19,0,NA
87,/events/details/87/,Swedish Championships (Qualifiers),2017,Sweden,2017-02-25,52,1,52,0,NA
1617,/events/details/1617/,Swiss Bears Cup,2020,Switzerland,2020-10-03,46,16,46,0,NA
1626,/events/details/1626/,Swiss Bears Cup,2021,Switzerland,2021-10-02,59,35,36,23,0.61
1959,/events/details/1959/,Swiss Bears Cup,2023,Switzerland,2023-10-07,77,42,59,18,0.77
163,/events/details/163/,Swiss Gathering,2017,Switzerland,2017-09-23,33,5,33,0,NA
1362,/events/details/1362/,Swiss Gathering,2018,Switzerland,2018-10-27,51,6,34,17,0.67
1536,/events/details/1536/,Swiss Gathering,2019,Switzerland,2019-10-18,46,14,27,19,0.59
1342,/events/details/1342/,Sword & Buckler Open,2018,Australia,2018-09-23,8,0,8,0,NA
149,/events/details/149/,Sword Fight ,2017,Australia,2017-07-29,42,0,42,0,NA
1312,/events/details/1312/,Sword Fight ,2018,Australia,2018-07-28,42,1,18,24,0.43
1500,/events/details/1500/,Sword Fight ,2019,Australia,2019-07-27,44,0,18,26,0.41
2109,/events/details/2109/,Sword Fight ,2024,Australia,2024-06-29,31,0,23,8,0.74
2134,/events/details/2134/,Sword Quench,2024,United States,2024-08-10,29,0,29,0,NA
43,/events/details/43/,Swordfish,2011,Sweden,2011-11-04,44,28,44,0,NA
46,/events/details/46/,Swordfish,2012,Sweden,2012-11-02,124,73,95,29,0.77
47,/events/details/47/,Swordfish,2013,Sweden,2013-10-31,113,70,52,61,0.46
12,/events/details/12/,Swordfish,2014,Sweden,2014-10-31,104,66,62,42,0.6
2,/events/details/2/,Swordfish,2015,Sweden,2015-10-30,136,99,83,53,0.61
48,/events/details/48/,Swordfish,2016,Sweden,2016-11-04,137,109,77,60,0.56
176,/events/details/176/,Swordfish,2017,Sweden,2017-11-03,143,108,89,54,0.62
1356,/events/details/1356/,Swordfish,2018,Sweden,2018-11-02,110,84,58,52,0.53
1619,/events/details/1619/,Swordfish,2019,Sweden,2019-11-01,116,89,66,50,0.57
1903,/events/details/1903/,Swordmasters Cup,2023,Poland,2023-10-07,32,2,32,0,NA
2103,/events/details/2103/,Swordmasters Cup,2024,Poland,2024-05-18,33,6,23,10,0.7
68,/events/details/68/,Swordplay Australia,2016,Australia,2016-09-01,54,2,54,0,NA
162,/events/details/162/,Swordplay Australia,2017,Australia,2017-09-09,80,3,47,33,0.59
1346,/events/details/1346/,Swordplay Australia,2018,Australia,2018-09-06,59,1,24,35,0.41
1653,/events/details/1653/,Swordplay Australia,2021,Australia,2021-09-26,32,0,16,16,0.5
1762,/events/details/1762/,Swordplay Australia,2022,Australia,2022-09-17,38,0,22,16,0.58
1917,/events/details/1917/,Swordplay Australia,2023,Australia,2023-09-22,41,0,26,15,0.63
1210,/events/details/1210/,Swordplay Serbia,2017,Serbia,2017-12-16,40,12,40,0,NA
1396,/events/details/1396/,Swordplay Serbia,2018,Serbia,2018-11-30,54,31,29,25,0.54
1576,/events/details/1576/,Swordplay Serbia,2019,Serbia,2019-12-06,46,24,21,25,0.46
1795,/events/details/1795/,Swordplay Serbia,2022,Serbia,2022-11-25,78,38,61,17,0.78
1969,/events/details/1969/,Swordplay Serbia,2023,Serbia,2023-12-02,81,45,43,38,0.53
1448,/events/details/1448/,Swords & Roses,2019,Russia,2019-03-08,28,0,28,0,NA
1992,/events/details/1992/,Swordsquatch,2019,United States,2019-09-06,46,7,46,0,NA
1984,/events/details/1984/,Swordsquatch,2022,United States,2022-09-09,27,2,21,6,0.78
1979,/events/details/1979/,Swordsquatch,2023,United States,2023-09-08,30,0,24,6,0.8
2151,/events/details/2151/,Swordsquatch,2024,United States,2024-09-06,42,0,29,13,0.69
1848,/events/details/1848/,Swordstrong Kc,2023,United States,2023-05-06,65,0,65,0,NA
2047,/events/details/2047/,Swordstrong Kc,2024,United States,2024-05-05,90,1,59,31,0.66
1918,/events/details/1918/,Swordwork Smallsword Tournament,2023,Australia,2023-04-26,13,0,13,0,NA
1558,/events/details/1558/,Sydney Super Series,2019,Australia,2019-11-10,17,0,17,0,NA
1716,/events/details/1716/,Sydney Super Series,2022,Australia,2022-04-24,22,0,18,4,0.82
1881,/events/details/1881/,Sydney Super Series,2023,Australia,2023-04-23,11,0,3,8,0.27
1470,/events/details/1470/,Symphony Of Steel,2019,Germany,2019-05-11,24,4,24,0,NA
1590,/events/details/1590/,Symphony Of Steel,2020,Germany,2020-02-22,36,5,26,10,0.72
1682,/events/details/1682/,Symphony Of Steel,2022,Germany,2022-02-26,59,10,50,9,0.85
1821,/events/details/1821/,Symphony Of Steel,2023,Germany,2023-02-25,58,11,43,15,0.74
2017,/events/details/2017/,Symphony Of Steel,2024,Germany,2024-02-24,72,11,52,20,0.72
1201,/events/details/1201/,Tasmanian Swordplay Symposium,2017,Australia,2017-12-02,18,1,18,0,NA
1402,/events/details/1402/,Tasmanian Swordplay Symposium,2018,Australia,2018-12-01,21,1,11,10,0.52
1566,/events/details/1566/,Tasmanian Swordplay Symposium,2019,Australia,2019-12-01,13,1,5,8,0.38
32,/events/details/32/,Taurhemachia,2015,Italy,2015-11-09,88,21,88,0,NA
75,/events/details/75/,Taurhemachia,2016,Italy,2016-10-07,96,26,52,44,0.54
1208,/events/details/1208/,Taurhemachia,2017,Italy,2017-09-29,80,10,41,39,0.51
1365,/events/details/1365/,Taurhemachia Edition,2018,Italy,2018-10-05,66,12,66,0,NA
1357,/events/details/1357/,Tempest,2018,Ireland,2018-11-02,21,1,21,0,NA
1555,/events/details/1555/,Tempest,2019,Ireland,2019-11-03,24,0,11,13,0.46
182,/events/details/182/,Tempest Longsword Open Tournament,2017,Ireland,2017-11-05,14,0,14,0,NA
1398,/events/details/1398/,Test Gatering For Minsk,2018,Italy,2018-12-15,33,11,33,0,NA
2162,/events/details/2162/,Texas Audacious Knife Fight,2022,United States,2022-08-13,32,1,32,0,NA
2163,/events/details/2163/,Texas Audacious Knife Fight,2023,United States,2023-08-12,41,1,28,13,0.68
2164,/events/details/2164/,Texas Audacious Knife Fight,2024,United States,2024-08-10,27,1,20,7,0.74
1371,/events/details/1371/,The 400 Years Tournament,2018,Australia,2018-11-17,29,1,29,0,NA
2026,/events/details/2026/,The Auckland Autumn Affair,2024,New Zealand,2024-04-13,30,0,30,0,NA
1358,/events/details/1358/,The Battle Of Buffalo,2018,United States,2018-09-08,17,0,17,0,NA
1509,/events/details/1509/,The Battle Of Buffalo,2019,United States,2019-09-07,26,1,17,9,0.65
1577,/events/details/1577/,The Black Carpet,2019,Italy,2019-12-14,17,1,17,0,NA
1642,/events/details/1642/,The Black Carpet,2021,Italy,2021-12-11,19,3,13,6,0.68
1568,/events/details/1568/,The Call Of Zephyr,2019,China,2019-12-21,20,2,20,0,NA
44,/events/details/44/,The Dune Longsword Competition,2016,United States,2016-05-21,20,0,20,0,NA
1588,/events/details/1588/,The English Sidesword Open,2020,United Kingdom,2020-02-15,37,9,37,0,NA
1754,/events/details/1754/,The English Sidesword Open,2022,United Kingdom,2022-10-17,21,11,19,2,0.9
1264,/events/details/1264/,The Gathering,2018,Germany,2018-04-13,50,18,50,0,NA
1443,/events/details/1443/,The Gathering,2019,Germany,2019-04-13,47,16,27,20,0.57
2002,/events/details/2002/,The Goose Strikes Back,2024,Canada,2024-03-02,28,1,28,0,NA
1662,/events/details/1662/,The Hastilude At Dragonfest,2021,United States,2021-10-31,6,0,6,0,NA
1333,/events/details/1333/,The Horned Crown,2018,Ireland,2018-09-01,21,5,21,0,NA
1531,/events/details/1531/,The Horned Crown,2019,Ireland,2019-09-28,17,1,10,7,0.59
1639,/events/details/1639/,The Ides Of March,2020,Australia,2020-03-15,25,0,25,0,NA
1641,/events/details/1641/,The Ides Of March,2021,Australia,2021-03-14,35,0,19,16,0.54
1703,/events/details/1703/,The Ides Of March,2022,Australia,2022-03-05,37,0,15,22,0.41
1203,/events/details/1203/,The Iha Christmas Cup,2017,United Kingdom,2017-12-15,7,0,7,0,NA
1841,/events/details/1841/,The Marozzo Cup,2023,Australia,2023-06-10,29,0,29,0,NA
128,/events/details/128/,The May Melee,2017,United Kingdom,2017-05-28,27,3,27,0,NA
1298,/events/details/1298/,The May Melee,2018,United Kingdom,2018-05-25,26,3,15,11,0.58
1387,/events/details/1387/,The Might,2018,France,2018-11-17,51,0,51,0,NA
1557,/events/details/1557/,The Might,2019,France,2019-11-02,34,1,16,18,0.47
1537,/events/details/1537/,The Plough Tournament 1st,2019,China,2019-10-02,55,1,55,0,NA
1223,/events/details/1223/,The Quickening,2018,Ireland,2018-01-13,11,0,11,0,NA
1878,/events/details/1878/,The Teutonic Fecht,2023,Romania,2023-08-26,24,7,24,0,NA
1583,/events/details/1583/,The Winter's Flail,2020,United Kingdom,2020-01-25,26,0,26,0,NA
1713,/events/details/1713/,The Winter's Flail,2022,United Kingdom,2022-05-07,26,0,23,3,0.88
1927,/events/details/1927/,The Wrathful Peasants' Super Serious Tournament,2023,Ireland,2023-11-04,21,1,21,0,NA
1538,/events/details/1538/,Third National Historical Martial Arts Tournament,2019,China,2019-10-02,78,2,78,0,NA
1364,/events/details/1364/,Torneio De Esgrima Historica De Valinhos,2018,Brazil,2018-11-17,7,0,7,0,NA
1560,/events/details/1560/,Torneio De Esgrima Historica Thomar,2019,Portugal,2019-11-16,15,2,15,0,NA
1920,/events/details/1920/,Torneio Estadual De Sabre Militar Historico - Copa Ignis Etapa Sabre,2023,Brazil,2023-09-24,5,0,5,0,NA
1970,/events/details/1970/,Torneio Flor De Aco,2023,Brazil,2023-10-21,9,0,9,0,NA
1982,/events/details/1982/,Torneio Nacional De Esgrima Historica,2023,Brazil,2023-12-03,30,0,30,0,NA
1539,/events/details/1539/,Torneio Nacional De Espada Longa,2019,Brazil,2019-10-20,11,1,11,0,NA
1676,/events/details/1676/,Torneio Nacional Hema Brasil,2021,Brazil,2021-09-05,7,0,7,0,NA
1444,/events/details/1444/,Torneio Paranaense De Espada Longa,2019,Brazil,2019-04-20,9,0,9,0,NA
1258,/events/details/1258/,Torneio Regional De Esgrima Historica Riversouth,2017,Brazil,2017-10-08,18,0,18,0,NA
2143,/events/details/2143/,Torneio Zornhau,2024,Brazil,2024-08-18,22,2,22,0,NA
1297,/events/details/1297/,Torneo 100tolos Hema,2018,Spain,2018-06-16,24,3,24,0,NA
1478,/events/details/1478/,Torneo 100tolos Hema De Coruna,2019,Spain,2019-06-08,32,2,32,0,NA
1279,/events/details/1279/,Torneo Abierto,2018,Chile,2018-04-14,14,0,14,0,NA
1372,/events/details/1372/,Torneo Ara,2018,Italy,2018-11-17,34,0,34,0,NA
1858,/events/details/1858/,Torneo Cidade Da Coruna De Esgrima Historica,2022,Spain,2022-06-11,29,1,29,0,NA
1414,/events/details/1414/,Torneo Cidade De Naron,2019,Spain,2019-02-09,41,7,41,0,NA
1872,/events/details/1872/,Torneo Cidade De Naron De Esgrima Historica,2023,Spain,2023-03-25,28,2,28,0,NA
1859,/events/details/1859/,Torneo Ciudad De Coruna De Esgrima Historica,2023,Spain,2023-01-14,30,5,30,0,NA
1990,/events/details/1990/,Torneo Ciudad De Coruna De Esgrima Historica,2024,Spain,2024-01-20,33,6,15,18,0.45
1677,/events/details/1677/,Torneo De Esgrima Historica Cidade De Naron,2022,Spain,2022-02-19,33,0,33,0,NA
1744,/events/details/1744/,Torneo De Esgrima Historica Cidade De Pontevedra,2022,Spain,2022-07-05,30,2,30,0,NA
1468,/events/details/1468/,Torneo De Esgrima Historica De Pontevedra,2019,Spain,2019-05-04,41,6,41,0,NA
1225,/events/details/1225/,Torneo De Naron,2018,Spain,2018-01-20,26,3,26,0,NA
1884,/events/details/1884/,Torneo De Redondela,2023,Spain,2023-06-17,38,5,38,0,NA
1336,/events/details/1336/,Torneo Del Hierro,2018,Spain,2018-06-30,24,2,24,0,NA
179,/events/details/179/,Torneo Di Bara,2017,Austria,2017-09-23,10,0,10,0,NA
2157,/events/details/2157/,Torneo Di Narvalo,2024,Germany,2024-08-10,41,3,41,0,NA
2153,/events/details/2153/,Torneo Di Spada A Hamburg,2024,Germany,2024-09-07,14,0,14,0,NA
2089,/events/details/2089/,Torneo Di Spada A Potsdam,2022,Germany,2022-08-06,12,2,12,0,NA
2090,/events/details/2090/,Torneo Di Spada A Potsdam,2023,Germany,2023-06-24,23,4,21,2,0.91
2091,/events/details/2091/,Torneo Di Spada A Potsdam,2024,Germany,2024-06-01,35,10,25,10,0.71
1667,/events/details/1667/,Torneo Esgrima Historica De Redondela,2021,Spain,2021-12-04,40,4,40,0,NA
1382,/events/details/1382/,"Torneo Master ""Memorial Achille Marozzo""",2018,Italy,2018-06-17,34,0,34,0,NA
1288,/events/details/1288/,Torneo Nazionale Delle Discipline Hema,2018,Italy,2018-06-09,37,0,37,0,NA
1276,/events/details/1276/,Torneo Pontevedra,2018,Spain,2018-05-12,24,4,24,0,NA
1498,/events/details/1498/,Torneo Princesa Kristina De Noruega,2019,Spain,2019-07-27,24,0,24,0,NA
1192,/events/details/1192/,Torneo Vila De Redondela,2017,Spain,2017-11-19,27,2,27,0,NA
1355,/events/details/1355/,Torneo Vila De Redondela,2018,Spain,2018-10-06,34,6,16,18,0.47
1597,/events/details/1597/,Torneo Vila De Redondela,2020,Spain,2020-02-08,58,6,37,21,0.64
1693,/events/details/1693/,Tournament Of Knightly Arts,2022,United States,2022-04-02,30,0,30,0,NA
1807,/events/details/1807/,Tournament Of Knightly Arts,2023,United States,2023-04-08,34,0,24,10,0.71
1442,/events/details/1442/,Town,2019,United States,2019-04-13,29,1,29,0,NA
1306,/events/details/1306/,Treffen Historischer Fechter Deutschlands,2018,Germany,2018-06-30,13,1,13,0,NA
1485,/events/details/1485/,Treffen Historischer Fechter Deutschlands,2019,Germany,2019-06-01,21,0,16,5,0.76
1328,/events/details/1328/,Tremonia Fechtschule,2018,Germany,2018-09-09,10,2,10,0,NA
1526,/events/details/1526/,Tremonia Fechtschule,2019,Germany,2019-09-20,20,5,18,2,0.9
1615,/events/details/1615/,Tremonia Fechtschule,2020,Germany,2020-09-04,22,1,17,5,0.77
1654,/events/details/1654/,Tremonia Fechtschule,2021,Germany,2021-09-05,18,4,12,6,0.67
1231,/events/details/1231/,Trenciansky Vorschlag,2018,Slovakia,2018-02-17,65,17,65,0,NA
1411,/events/details/1411/,Trenciansky Vorschlag Vol.,2019,Slovakia,2019-02-09,50,18,50,0,NA
1300,/events/details/1300/,Trofeo Ara,2018,Italy,2018-05-26,60,0,60,0,NA
1471,/events/details/1471/,Trofeo Csen Scherma Storica Memorial Mario Pappagallo,2019,Italy,2019-05-12,29,0,29,0,NA
1880,/events/details/1880/,Trofeo Turoqua,2023,Spain,2023-05-13,36,2,36,0,NA
2049,/events/details/2049/,Trofeo Turoqua,2024,Spain,2024-04-13,27,5,11,16,0.41
1564,/events/details/1564/,Turniej Fechtunku Historycznego Hfc,2019,Poland,2019-11-23,38,1,38,0,NA
89,/events/details/89/,Tyrnhaw,2015,Slovakia,2015-10-19,33,17,33,0,NA
50,/events/details/50/,Tyrnhaw,2016,Slovakia,2016-10-22,44,23,29,15,0.66
171,/events/details/171/,Tyrnhaw,2017,Slovakia,2017-10-21,88,43,56,32,0.64
1351,/events/details/1351/,Tyrnhaw,2018,Slovakia,2018-10-27,105,60,48,57,0.46
1540,/events/details/1540/,Tyrnhaw,2019,Slovakia,2019-10-19,114,72,58,56,0.51
1914,/events/details/1914/,Tyrnhaw,2023,Slovakia,2023-10-21,96,56,71,25,0.74
1608,/events/details/1608/,Tyumen Open Christmas Tournament,2020,Russia,2020-01-05,31,1,31,0,NA
1545,/events/details/1545/,Ufa Duel Fencing Tournament,2019,Russia,2019-09-28,52,2,52,0,NA
1235,/events/details/1235/,Uisp,2014,Italy,2014-05-24,38,0,38,0,NA
1855,/events/details/1855/,Umea Open,2022,Sweden,2022-11-19,24,5,24,0,NA
1986,/events/details/1986/,Unicorn Cup,2024,United States,2024-01-20,47,0,47,0,NA
1633,/events/details/1633/,Unicorn Fight Club,2021,New Zealand,2021-06-05,19,13,19,0,NA
1830,/events/details/1830/,Unicorn Fight Club,2023,New Zealand,2023-06-03,35,23,24,11,0.69
2077,/events/details/2077/,Unicorn Fight Club,2024,New Zealand,2024-06-01,43,20,21,22,0.49
1720,/events/details/1720/,Unicorn Fightclub,2022,New Zealand,2022-06-04,26,16,26,0,NA
1796,/events/details/1796/,Vanocni Sermirsky Pratelak,2022,Czech Republic,2022-12-10,27,10,27,0,NA
14,/events/details/14/,Vasaslaget,2015,Sweden,2015-03-06,38,9,38,0,NA
5,/events/details/5/,Vasaslaget,2016,Sweden,2016-02-26,44,4,29,15,0.66
97,/events/details/97/,Vasaslaget,2017,Sweden,2017-03-17,50,10,34,16,0.68
1244,/events/details/1244/,Vasaslaget,2018,Sweden,2018-03-18,50,4,37,13,0.74
1423,/events/details/1423/,Vasaslaget,2019,Sweden,2019-03-09,63,4,38,25,0.6
1594,/events/details/1594/,Vasaslaget,2020,Sweden,2020-03-07,42,2,17,25,0.4
1705,/events/details/1705/,Vasaslaget,2022,Sweden,2022-05-07,55,4,41,14,0.75
1277,/events/details/1277/,Victoria Highland Games Open,2018,Canada,2018-05-19,62,16,62,0,NA
1505,/events/details/1505/,Victoria Highland Games Open,2019,Canada,2019-05-18,73,19,36,37,0.49
84,/events/details/84/,Villeneuve Hema Tournament,2016,France,2016-06-18,45,25,45,0,NA
156,/events/details/156/,Villeneuve Hema Tournament,2017,France,2017-06-17,54,21,31,23,0.57
1316,/events/details/1316/,Villeneuve Hema Tournament,2018,France,2018-06-18,34,2,20,14,0.59
2171,/events/details/2171/,Vindobona Bosch,2024,Austria,2024-09-21,15,2,15,0,NA
1503,/events/details/1503/,Visegrad Hema Tournament,2019,Hungary,2019-07-13,10,4,10,0,NA
1636,/events/details/1636/,Visegradi Viadalok,2021,Hungary,2021-07-10,29,2,29,0,NA
1862,/events/details/1862/,W,2022,Poland,2022-09-24,16,3,16,0,NA
73,/events/details/73/,War In The West,2016,Australia,2016-10-29,21,0,21,0,NA
1184,/events/details/1184/,War In The West,2017,Australia,2017-10-28,16,0,7,9,0.44
1834,/events/details/1834/,War In The West,2023,Australia,2023-06-25,32,0,28,4,0.88
2076,/events/details/2076/,War In The West,2024,Australia,2024-05-24,51,9,29,22,0.57
2130,/events/details/2130/,Warriors Shelter Meetup 0/,2024,Czech Republic,2024-07-27,16,2,16,0,NA
1873,/events/details/1873/,Wasaslaget,2023,Sweden,2023-04-22,37,0,37,0,NA
2064,/events/details/2064/,Wasaslaget,2024,Sweden,2024-04-21,62,6,45,17,0.73
1627,/events/details/1627/,Washington Dc Hema Open,2020,United States,2020-01-19,80,4,80,0,NA
1405,/events/details/1405/,Weird Open,2019,United States,2019-01-25,38,0,38,0,NA
1584,/events/details/1584/,Weird Open,2020,United States,2020-01-24,61,0,43,18,0.7
1787,/events/details/1787/,Weird Open,2023,United States,2023-01-27,60,1,49,11,0.82
1989,/events/details/1989/,Weird Open,2024,United States,2024-01-27,58,0,37,21,0.64
1629,/events/details/1629/,Wessex League,2021,United Kingdom,2021-12-04,51,2,51,0,NA
1194,/events/details/1194/,Wessex League: Bath Chapter,2017,United Kingdom,2017-11-25,48,3,48,0,NA
160,/events/details/160/,Wessex League: Bristol Chapter,2017,United Kingdom,2017-09-16,40,4,40,0,NA
1573,/events/details/1573/,Wessex League: Cambridge Chapter,2019,United Kingdom,2019-12-07,51,9,51,0,NA
1354,/events/details/1354/,Wessex League: Cardiff Chapter,2018,United Kingdom,2018-10-27,58,11,58,0,NA
1764,/events/details/1764/,Wessex League: Cardiff Chapter,2022,United Kingdom,2022-10-29,54,0,47,7,0.87
1735,/events/details/1735/,Wessex League: Didcot Chapter,2022,United Kingdom,2022-09-10,57,2,57,0,NA
1517,/events/details/1517/,Wessex League: Exeter Chapter,2019,United Kingdom,2019-09-07,37,5,37,0,NA
1200,/events/details/1200/,Wessex League: London Chapter,2017,United Kingdom,2017-12-09,42,5,42,0,NA
1327,/events/details/1327/,Wessex League: London Chapter,2018,United Kingdom,2018-09-08,64,8,38,26,0.59
1541,/events/details/1541/,Wessex League: London Chapter,2019,United Kingdom,2019-10-12,59,6,30,29,0.51
1789,/events/details/1789/,Wessex League: London Chapter,2022,United Kingdom,2022-12-10,68,8,49,19,0.72
1554,/events/details/1554/,Wessex League: Oxford Chapter,2019,United Kingdom,2019-11-09,61,5,61,0,NA
2168,/events/details/2168/,Wessex League: Oxford Chapter,2024,United Kingdom,2024-09-21,117,0,107,10,0.91
173,/events/details/173/,Wessex League: Reading Chapter,2017,United Kingdom,2017-10-28,50,4,50,0,NA
1765,/events/details/1765/,Wessex League: Southampton Chapter,2022,United Kingdom,2022-10-15,53,0,53,0,NA
1955,/events/details/1955/,Wessex League: Swindon Chapter,2023,United Kingdom,2023-11-25,99,5,99,0,NA
1340,/events/details/1340/,Wessex League: Taunton Chapter,2018,United Kingdom,2018-09-29,49,4,49,0,NA
1919,/events/details/1919/,Wessex League: Taunton Chapter,2023,United Kingdom,2023-10-21,104,7,96,8,0.92
1375,/events/details/1375/,Wessex League: Winchester Chapter,2018,United Kingdom,2018-11-24,62,6,62,0,NA
1891,/events/details/1891/,Wessex League: Winnersh Chapter,2023,United Kingdom,2023-09-16,98,4,98,0,NA
1721,/events/details/1721/,Wine Country Sword Crush,2022,United States,2022-08-13,65,1,65,0,NA
1833,/events/details/1833/,Wine Country Sword Crush,2023,United States,2023-04-22,73,0,41,32,0.56
2040,/events/details/2040/,Wine Country Sword Crush,2024,United States,2024-04-27,86,1,53,33,0.62
1390,/events/details/1390/,Winter Golden Forests Championship,2018,Russia,2018-12-01,82,0,82,0,NA
1563,/events/details/1563/,Winter Open,2019,Australia,2019-08-11,25,0,25,0,NA
1637,/events/details/1637/,Winter Open,2021,Australia,2021-07-11,25,0,16,9,0.64
1389,/events/details/1389/,Winter Open Duel Fencing Championship Of The Ural Federal District,2018,Russia,2018-11-24,83,2,83,0,NA
1973,/events/details/1973/,Winter Ring,2023,United States,2023-12-02,24,0,24,0,NA
1950,/events/details/1950/,Winter Tournament,2022,Canada,2022-12-02,17,1,17,0,NA
1977,/events/details/1977/,Winter Tournament,2023,Canada,2023-12-01,23,1,18,5,0.78
102,/events/details/102/,Winter's End,2017,United States,2017-02-17,65,12,65,0,NA
1204,/events/details/1204/,Winterfecht,2017,Slovakia,2017-12-16,20,3,20,0,NA
1694,/events/details/1694/,Wolf Call,2022,United Kingdom,2022-04-09,29,0,29,0,NA
1825,/events/details/1825/,Wolf Call ,2023,United Kingdom,2023-04-15,36,3,36,0,NA
2050,/events/details/2050/,Wolf Call (2024),2024,United Kingdom,2024-04-27,35,1,35,0,NA
1875,/events/details/1875/,Woody And David Host A Rapier Comp,2023,Australia,2023-07-22,24,0,24,0,NA
166,/events/details/166/,World Broadsword Championship,2017,Australia,2017-09-24,26,1,26,0,NA
1309,/events/details/1309/,World Broadsword Championship,2018,Australia,2018-06-11,23,0,12,11,0.52
1542,/events/details/1542/,World Broadsword Championship,2019,Australia,2019-10-05,36,0,33,3,0.92
1930,/events/details/1930/,World Broadsword Cup,2023,Australia,2023-10-27,33,0,33,0,NA
74,/events/details/74/,World Wide Open Longsword Championship,2012,Germany,2012-08-04,7,7,7,0,NA
70,/events/details/70/,Wrath Point,2016,United States,2016-10-22,55,2,55,0,NA
1305,/events/details/1305/,Wrathpoint,2018,United States,2018-06-30,32,1,32,0,NA
153,/events/details/153/,Years Tournament,2017,Australia,2017-07-15,31,1,31,0,NA
1421,/events/details/1421/,Zilinsky Kumst ,2019,Slovakia,2019-03-09,83,37,83,0,NA
1592,/events/details/1592/,Zilinsky Kumst ,2020,Slovakia,2020-07-25,63,25,37,26,0.59
1674,/events/details/1674/,Zilinsky Kumst ,2022,Slovakia,2022-03-12,76,46,46,30,0.61
1790,/events/details/1790/,Zilinsky Kumst ,2023,Slovakia,2023-03-11,87,45,47,40,0.54
2005,/events/details/2005/,Zilinsky Kumst ,2024,Slovakia,2024-03-09,86,47,41,45,0.48
1283,/events/details/1283/,Zilinsky Kumst .,2018,Slovakia,2018-06-02,58,27,58,0,NA
1638,/events/details/1638/,Zilinsky Kumst .,2021,Slovakia,2021-07-24,43,29,33,10,0.77
1980,/events/details/1980/,Zilinsky Pun(K)C,2024,Slovakia,2024-01-13,35,5,35,0,NA
2044,/events/details/2044/,Zilinsky Punk ,2024,Slovakia,2024-05-04,32,5,32,0,NA
1826,/events/details/1826/,Zilinsky Punk .,2023,Slovakia,2023-05-06,24,0,24,0,NA
1960,/events/details/1960/,Zizkovske Kolo,2023,Czech Republic,2023-11-05,17,0,17,0,NA
